site,habitat,transect,taxa,x,y,z,year,length,width,height,observer,note,note_extra
LTER1,BR,P01,Por,0.4,95,10,2024,11.9,8,12.3,TBD,"NA, Growth",NA
LTER1,BR,P01,Poc,0.9,15,30,2024,5.9,5.7,4.7,TBD,"NA, Growth",NA
LTER1,BR,P01,Poc,1.52,35,30,2024,NA,NA,NA,TBD,"NA, Dead",NA
LTER1,BR,P01,Poc,1.7,9,13,2024,6.3,4.3,4.5,TBD,"NA, Growth",NA
LTER1,BR,P01,Poc,1.77,11,13,2024,7.1,6.3,5.2,TBD,"NA, Growth",NA
LTER1,BR,P01,Poc,1.8,8,8,2024,2,1.6,2,TBD,"NA, Growth",NA
LTER1,BR,P01,Poc,1.8,26,18,2024,3.5,3.3,3.3,TBD,"NA, Growth",NA
LTER1,BR,P01,Poc,1.85,23,16,2024,NA,NA,NA,TBD,"NA, Dead",NA
LTER1,BR,P01,Poc,2,40,0,2024,7.9,2.8,4,TBD,"NA, Growth",NA
LTER1,BR,P01,Por,2.25,65,40,2024,78.1,52.1,55.8,TBD,"NA, Growth",NA
LTER1,BR,P01,Por,2.3,36,10,2024,2,0.9,1.3,TBD,"NA, Growth",NA
LTER1,BR,P01,Poc,3.28,63,64,2024,7.4,6,5.7,TBD,"NA, Growth",NA
LTER1,BR,P01,Acr,6.38,84,22,2024,7,3.8,4.7,TBD,"NA, Growth",NA
LTER1,BR,P01,Por,6.53,24,13,2024,41.7,6.9,7.3,TBD,"NA, Growth",NA
LTER1,BR,P01,Poc,7.2,50,20,2024,32.6,22,22.7,TBD,"NA, Growth",NA
LTER1,BR,P01,Poc,7.39,76,55,2024,6.5,4.4,4.6,TBD,"NA, Growth",NA
LTER1,BR,P01,Poc,7.4,73,50,2024,NA,NA,NA,TBD,"NA, Dead",NA
LTER1,BR,P01,Poc,7.5,50,50,2024,5.7,3.5,4,TBD,"NA, Growth",NA
LTER1,BR,P01,Poc,7.55,72,28,2024,NA,NA,NA,TBD,"NA, Dead",NA
LTER1,BR,P01,Poc,8.25,20,30,2024,5.5,5.7,4.9,TBD,"NA, Growth",NA
LTER1,BR,P01,Por,8.4,75,50,2024,104,36.7,31.5,TBD,"NA, Growth",NA
LTER1,BR,P01,Acr,9.15,93,80,2024,6.5,4.5,5.9,TBD,"A. hyacynthus, Growth",NA
LTER1,BR,P01,Poc,9.77,29,36,2024,8.2,6.5,6.2,TBD,"NA, Growth",NA
LTER1,BR,P01,Poc,9.77,25,40,2024,NA,NA,NA,TBD,"NA, Dead",NA
LTER1,BR,P01,Por,0.85,70,53,2024,27,11.3,12.5,TBD,"NA, Missing data",NA
LTER1,BR,P01,Poc,0.88,62,2,2024,2.7,1.3,2.2,TBD,"NA, Recruitment",NA
LTER1,BR,P01,Poc,0.9,95,20,2024,6.7,5,6,TBD,"NA, Recruitment",NA
LTER1,BR,P01,Poc,1.67,22,15,2024,2.6,1.8,1.5,TBD,"NA, Recruitment",NA
LTER1,BR,P01,Poc,1.75,10,10,2024,2.1,1,1.8,TBD,"NA, Recruitment",NA
LTER1,BR,P01,Poc,3.37,66,60,2024,5,3.1,4,TBD,"NA, Recruitment",NA
LTER1,BR,P01,Poc,3.65,75,40,2024,2,1.2,1.2,TBD,"NA, Recruitment",NA
LTER1,BR,P01,Poc,8.25,80,30,2024,6.8,3.6,5,TBD,"NA, Recruitment",NA
LTER1,BR,P01,Poc,9.6,35,40,2024,2.2,2,2.3,TBD,"NA, Recruitment",NA
LTER1,BR,P01,Poc,8.75,42,5,2024,8.3,7.7,8.6,TBD,"NA, Missing data",NA
LTER1,BR,P01,Poc,8.4,87,10,2024,12.4,13.6,8.5,TBD,"NA, Migrant (loose)",NA
LTER1,BR,P01,Poc,8.3,80,25,2024,1.3,1.3,1.4,TBD,"NA, Recruitment",NA
LTER1,BR,P10,Por,0.1,90,30,2024,61.6,41,42.5,TBD,"NA, Growth",NA
NA,NA,NA,Acr,1.35,90,50,2024,8,3.8,5.3,TBD,"NA, Recruitment",NA
NA,NA,NA,Acr,2.73,25,40,2024,5.2,2.7,4.9,TBD,"A. hyacynthus, Recruitment",NA
NA,NA,NA,Acr,4.5,87,40,2024,5.5,6,5.6,TBD,"NA, Recruitment",NA
LTER1,BR,P02,Por,0.35,82,10,2024,NA,NA,NA,TBD,"With coral in PO3, Fus1",NA
LTER1,BR,P02,Poc,0.55,2,2,2024,3.8,3.5,2.5,TBD,"NA, Growth",NA
LTER1,BR,P02,Poc,0.55,52,50,2024,NA,NA,NA,TBD,"NA, Dead",NA
LTER1,BR,P02,Poc,0.59,48,50,2024,6,2.5,6,TBD,"NA, Growth",NA
LTER1,BR,P02,Acr,0.6,10,10,2024,NA,NA,NA,TBD,"NA, Dead",NA
LTER1,BR,P02,Poc,0.9,30,10,2024,17.5,17.5,16,TBD,"NA, Growth",NA
LTER1,BR,P02,Poc,0.95,19,15,2024,NA,NA,NA,TBD,"NA, Dead",NA
LTER1,BR,P02,Poc,0.98,30,10,2024,NA,NA,NA,TBD,"NA, Dead",NA
LTER1,BR,P02,Poc,1,50,20,2024,NA,NA,NA,TBD,"NA, Dead",NA
LTER1,BR,P02,Poc,1.3,30,10,2024,NA,NA,NA,TBD,"NA, Dead",NA
LTER1,BR,P02,Poc,1.3,60,66,2024,NA,NA,NA,TBD,"NA, Dead",NA
LTER1,BR,P02,Poc,1.5,80,72,2024,4.2,4,2.5,TBD,"NA, Growth",NA
LTER1,BR,P02,Poc,1.5,80,70,2024,4.8,4.5,4.7,TBD,"NA, Growth",NA
LTER1,BR,P02,Poc,1.65,90,80,2024,18.5,8,5.5,TBD,"NA, Growth",NA
LTER1,BR,P02,Poc,1.7,55,60,2024,16,16,11.5,TBD,"NA, Growth",NA
LTER1,BR,P02,Poc,1.8,57,135,2024,NA,NA,NA,TBD,"NA, Dead",NA
LTER1,BR,P02,Poc,1.85,73,150,2024,7,7,3.5,TBD,"NA, Growth",NA
LTER1,BR,P02,Poc,2.11,60,50,2024,3,3,1,TBD,"NA, Growth",NA
LTER1,BR,P02,Poc,3.25,10,20,2024,NA,NA,NA,TBD,"NA, Dead",NA
LTER1,BR,P02,Poc,3.65,50,70,2024,NA,NA,NA,TBD,"NA, Dead",NA
LTER1,BR,P02,Poc,3.15,70,20,2024,NA,NA,NA,TBD,"NA, Dead",NA
LTER1,BR,P02,Acr,3.53,89,17,2024,NA,NA,NA,TBD,"NA, Dead",NA
LTER1,BR,P02,Poc,3.8,60,20,2024,NA,NA,NA,TBD,"NA, Dead",NA
LTER1,BR,P02,Poc,3.85,40,10,2024,NA,NA,NA,TBD,"NA, Dead",NA
LTER1,BR,P02,Poc,4,77,50,2024,3.5,3,2.5,TBD,"NA, Growth",NA
LTER1,BR,P02,Poc,4.7,70,20,2024,NA,NA,NA,TBD,"NA, Dead",NA
LTER1,BR,P02,Acr,5.93,99,30,2024,NA,NA,NA,TBD,"NA, Dead",NA
LTER1,BR,P02,Acr,6.3,30,2,2024,7.5,6.5,2.5,TBD,"NA, Growth",NA
LTER1,BR,P02,Poc,7.11,70,20,2024,7,8,4.5,TBD,"NA, Growth",NA
LTER1,BR,P02,Poc,7.25,50,50,2024,3,3,2,TBD,"NA, Growth",NA
LTER1,BR,P02,Por,8.05,27,0,2024,120,34,34,TBD,"NA, Growth",NA
LTER1,BR,P02,Poc,9.1,92,10,2024,6,7,5,TBD,"NA, Growth",NA
LTER1,BR,P02,Acr,9.2,50,70,2024,7.5,6.5,6,TBD,"NA, Growth",NA
LTER1,BR,P02,Poc,9.25,10,50,2024,7,6,5,TBD,"NA, Growth",NA
LTER1,BR,P02,Acr,0.26,50,60,2024,4,4,2,TBD,"NA, Recruitment",NA
LTER1,BR,P02,Poc,1.2,60,5,2024,1,1,1,TBD,"NA, Recruitment",NA
LTER1,BR,P02,Poc,1.3,83,30,2024,0.5,0.5,0.5,TBD,"NA, Recruitment",NA
LTER1,BR,P02,Poc,1.45,50,50,2024,0.5,0.5,0.5,TBD,"NA, Recruitment",NA
LTER1,BR,P02,Poc,1.89,73,60,2024,1,1,1,TBD,"NA, Recruitment",NA
LTER1,BR,P02,Acr,2.5,55,80,2024,3.8,3,2,TBD,"NA, Recruitment",NA
LTER1,BR,P02,Poc,2.73,73,80,2024,2.5,2.5,1,TBD,"NA, Recruitment",NA
LTER1,BR,P02,Poc,2.69,82,80,2024,2.5,2.5,1,TBD,"NA, Recruitment",NA
LTER1,BR,P02,Poc,2.89,100,60,2024,1,1,1,TBD,"NA, Recruitment",NA
LTER1,BR,P02,Poc,2.9,90,50,2024,1,1,1,TBD,"NA, Recruitment",NA
LTER1,BR,P02,Poc,2.9,20,30,2024,8,8,7,TBD,"NA, Missing data",NA
LTER1,BR,P02,Poc,7.05,90,37,2024,2,2,2,TBD,"NA, Recruitment",NA
LTER1,BR,P02,Poc,2.89,10,40,2024,1,1,2,TBD,"NA, Recruitment",NA
LTER1,BR,P03,Por,0,10,20,2024,270,90,98,TBD,"NA, Growth",NA
LTER1,BR,P03,Poc,1.15,0,45,2024,NA,NA,NA,TBD,"NA, Dead",NA
LTER1,BR,P03,Poc,1.2,96,20,2024,NA,NA,NA,TBD,"NA, Dead",NA
LTER1,BR,P03,Poc,1.5,35,40,2024,6,6,4,TBD,"NA, Growth",NA
LTER1,BR,P03,Poc,1.6,36,35,2024,NA,NA,NA,TBD,"NA, Dead",NA
LTER1,BR,P03,Poc,1.85,21,20,2024,8,7.5,6,TBD,"NA, Growth",NA
LTER1,BR,P03,Acr,1.88,50,25,2024,NA,NA,NA,TBD,"NA, Dead",NA
LTER1,BR,P03,Poc,1.9,26,23,2024,9,10,12,TBD,"NA, Growth",NA
LTER1,BR,P03,Poc,2,50,20,2024,38,30,21,TBD,"NA, Growth",NA
LTER1,BR,P03,Poc,2.17,70,20,2024,25,20,23,TBD,"NA, Growth",NA
LTER1,BR,P03,Poc,2.2,58,30,2024,25,21,18,TBD,"NA, Growth",NA
LTER1,BR,P03,Poc,2.2,80,20,2024,29.5,23,18,TBD,"NA, Growth",NA
LTER1,BR,P03,Poc,2.5,50,15,2024,27.5,23,18,TBD,"NA, Growth",NA
LTER1,BR,P03,Acr,2.6,28,30,2024,28.5,22,12,TBD,"NA, Growth",NA
LTER1,BR,P03,Poc,2.6,65,40,2024,4.2,3.5,4,TBD,"NA, Growth",NA
LTER1,BR,P03,Acr,2.63,73,35,2024,3.5,3.5,4,TBD,"NA, Growth",NA
LTER1,BR,P03,Poc,2.65,10,25,2024,4,4,3,TBD,"NA, Growth",NA
LTER1,BR,P03,Acr,2.65,73,35,2024,NA,NA,NA,TBD,"NA, Dead",NA
LTER1,BR,P03,Poc,2.65,88,10,2024,28.5,27,13,TBD,"NA, Growth",NA
LTER1,BR,P03,Acr,2.78,57,20,2024,NA,NA,NA,TBD,"NA, Dead",NA
LTER1,BR,P03,Poc,2.8,12,72,2024,NA,NA,NA,TBD,"NA, Dead",NA
LTER1,BR,P03,Poc,2.84,57,42,2024,26,21,19,TBD,"NA, Growth",NA
LTER1,BR,P03,Por,2.9,27,0,2024,37,11,18.5,TBD,"NA, Growth",NA
LTER1,BR,P03,Poc,2.92,83,55,2024,13,13,13,TBD,"NA, Growth",NA
LTER1,BR,P03,Poc,3.05,70,40,2024,36,29,26,TBD,"NA, Fus1",NA
LTER1,BR,P03,Poc,3.05,78,40,2024,27.5,26,20.5,TBD,"NA, Growth",NA
LTER1,BR,P03,Poc,3.15,24,2,2024,NA,NA,NA,TBD,"NA, Dead",NA
LTER1,BR,P03,Poc,3.15,55,40,2024,NA,NA,NA,TBD,"NA, Fus1",NA
LTER1,BR,P03,Poc,3.2,4,1,2024,3.5,3.5,4,TBD,"NA, Growth",NA
LTER1,BR,P03,Poc,3.35,73,40,2024,NA,NA,NA,TBD,"NA, Dead",NA
LTER1,BR,P03,Poc,3.36,73,40,2024,NA,NA,NA,TBD,"NA, Dead",NA
LTER1,BR,P03,Poc,3.4,40,0,2024,NA,NA,NA,TBD,"NA, Dead",NA
LTER1,BR,P03,Por,3.45,66,35,2024,NA,NA,NA,TBD,"NA, Dead",NA
LTER1,BR,P03,Acr,3.5,22,10,2024,NA,NA,NA,TBD,"NA, Dead",NA
LTER1,BR,P03,Poc,3.52,60,30,2024,NA,NA,NA,TBD,"NA, Dead",NA
LTER1,BR,P03,Acr,3.58,11,30,2024,NA,NA,NA,TBD,"NA, Dead",NA
LTER1,BR,P03,Acr,3.62,4,30,2024,NA,NA,NA,TBD,"NA, Dead",NA
LTER1,BR,P03,Poc,3.67,37,14,2024,NA,NA,NA,TBD,"NA, Dead",NA
LTER1,BR,P03,Poc,3.69,47,10,2024,NA,NA,NA,TBD,"NA, Dead",NA
LTER1,BR,P03,Poc,3.71,35,5,2024,NA,NA,NA,TBD,"NA, Dead",NA
LTER1,BR,P03,Poc,0.35,90,10,2024,1,1,1,TBD,"NA, Recruitment",NA
LTER1,BR,P03,Poc,0.95,70,10,2024,1,1,1,TBD,"NA, Recruitment",NA
LTER1,BR,P03,Acr,0.85,10,20,2024,4,4,1.5,TBD,"NA, Recruitment",NA
LTER1,BR,P03,Poc,0.95,10,20,2024,1,1.5,1.5,TBD,"NA, Recruitment",NA
LTER1,BR,P03,Poc,2.9,10,30,2024,2,2,1,TBD,"NA, Recruitment",NA
LTER1,BR,P03,Poc,3.8,85,40,2024,1,1,1,TBD,"NA, Recruitment",NA
LTER1,BR,P04,Acr,3.15,35,10,2024,7,5.5,1.5,TBD,"NA, Growth",NA
LTER1,BR,P04,Acr,3.4,50,10,2024,7.5,7,6,TBD,"NA, Growth",NA
LTER1,BR,P04,Poc,3.5,50,0,2024,29,20,24,TBD,"NA, Growth",NA
LTER1,BR,P04,Por,8.56,28,15,2024,34,18,29,TBD,"NA, Growth",NA
LTER1,BR,P05,Acr,1.35,13,47,2024,9.5,7.8,6.8,TBD,"NA, Growth",NA
LTER1,BR,P05,Acr,1.37,70,40,2024,3,3,2.2,TBD,"NA, Growth",NA
LTER1,BR,P05,Acr,1.5,55,10,2024,NA,NA,NA,TBD,"NA, Dead",NA
LTER1,BR,P05,Acr,3.2,50,10,2024,4.5,4.5,6.9,TBD,"NA, Growth",NA
LTER1,BR,P05,Acr,6.25,10,30,2024,NA,NA,NA,TBD,"NA, Dead",NA
LTER1,BR,P05,Acr,9.5,75,30,2024,NA,NA,NA,TBD,"NA, Dead",NA
LTER1,BR,P05,Por,10,90,30,2024,NA,NA,NA,TBD,"NA, Dead",NA
LTER1,BR,P05,Acr,1.2,50,0,2024,NA,NA,NA,TBD,"NA, Dead",NA
LTER1,BR,P06,Acr,5.5,50,10,2024,NA,NA,NA,TBD,"NA, Dead",NA
LTER1,BR,P06,Acr,5.7,90,10,2024,NA,NA,NA,TBD,"NA, Dead",NA
LTER1,BR,P06,Acr,5.7,50,10,2024,10.4,8.5,11,TBD,"NA, Growth",NA
LTER1,BR,P07,Por,1.3,4,50,2024,35.1,23.5,42.8,TBD,"NA, Growth",NA
LTER1,BR,P07,Acr,2.1,30,50,2024,NA,NA,NA,TBD,"NA, Dead",NA
LTER1,BR,P07,Acr,2.25,50,50,2024,15.2,12.7,5.3,TBD,"NA, Growth",NA
LTER1,BR,P07,Por,6.4,70,10,2024,23.2,14,11.8,TBD,"NA, Growth",NA
LTER1,BR,P07,Acr,9.75,50,30,2024,5.7,5.7,4.7,TBD,"NA, Growth",NA
LTER1,BR,P08,Acr,0.1,80,80,2024,7.6,6.5,5.5,TBD,"NA, Growth",NA
LTER1,BR,P08,Por,5.2,80,40,2024,42.6,26.5,21.8,TBD,"NA, Growth",NA
LTER1,BR,P08,Por,5.54,90,22,2024,28,21.3,20.5,TBD,"NA, Growth",NA
LTER1,BR,P09,Por,0.05,50,25,2024,66.8,30.4,29.9,TBD,"NA, Growth",NA
LTER1,BR,P09,Acr,0.35,50,10,2024,5.4,4.7,5.7,TBD,"NA, Growth",NA
LTER1,BR,P09,Por,4.7,58,32,2024,30,12.7,9.9,TBD,"NA, Growth",NA
LTER1,BR,P09,Acr,7.95,35,80,2024,13.2,11.2,9.4,TBD,"A. globiceps, Growth",NA
LTER1,BR,PO9,Acr,7.2,50,60,2024,5.3,4.5,5.3,TBD,"A. hyacynthus, Recruitment",NA
LTER1,BR,PO8,Acr,0,80,75,2024,5.8,2.5,4,TBD,"NA, Recruitment",NA
LTER1,BR,PO7,Por,4,30,30,2024,27,18.5,10.9,TBD,"NA, Missing data",NA
LTER1,BR,PO7,Acr,5.7,57,55,2024,10.6,7.3,5.4,TBD,"A. globiceps, Missing data",NA
LTER1,BR,PO7,Por,6.1,30,60,2024,36.3,23.9,14.6,TBD,"NA, Missing data",NA
LTER1,BR,PO7,Acr,8.7,33,85,2024,7.5,5.2,4,TBD,"NA, Missing data",NA
LTER1,BR,PO6,Acr,1.25,55,3,2024,9.8,9.6,6,TBD,"NA, Missing data",NA
LTER1,BR,PO6,Acr,7.9,12,20,2024,4,2.5,2.7,TBD,"NA, Recruitment",NA
LTER1,BR,PO6,Acr,9.5,25,25,2024,6.2,6.9,3.3,TBD,"NA, Recruitment",NA
LTER1,BR,PO5,Acr,0,15,10,2024,4,3,3,TBD,"NA, Recruitment",NA
LTER1,BR,PO5,Acr,0.95,20,50,2024,14,12,9.5,TBD,"NA, Missing data",NA
NA,NA,NA,NA,NA,NA,NA,2024,NA,NA,NA,TBD,"NA, NA",NA
LTER1,BR,T01,Poc,0.77,79,21,2024,NA,NA,NA,TBD,"NA, Dead",NA
LTER1,BR,T01,Poc,0.85,72,30,2024,5.7,5.3,4.2,TBD,"NA, Growth",NA
LTER1,BR,T01,Por,0.87,62,0,2024,NA,NA,NA,TBD,"NA, Dead",NA
LTER1,BR,T01,Por,0.94,39,5,2024,16.1,11.3,14.4,TBD,"NA, Growth",NA
LTER1,BR,T01,Por,0.96,22,7,2024,4.2,2.8,3,TBD,"NA, Growth",NA
LTER1,BR,T01,Por,1.07,33,13,2024,7.4,6.9,6.7,TBD,"NA, Growth",NA
LTER1,BR,T01,Por,1.09,53,8,2024,5.9,5.1,5.3,TBD,"NA, Growth",NA
LTER1,BR,T01,Por,1.1,71,0,2024,NA,NA,NA,TBD,"NA, Dead",NA
LTER1,BR,T01,Por,1.22,70,0,2024,8.8,8.1,4.4,TBD,"NA, Growth",NA
LTER1,BR,T01,Por,1.25,72,29,2024,13,8,15.1,TBD,"NA, Growth",NA
LTER1,BR,T01,Por,1.4,78,17,2024,10.6,9.7,11,TBD,"NA, Growth",NA
LTER1,BR,T01,Poc,1.4,95,31,2024,NA,NA,NA,TBD,"NA, Dead",NA
LTER1,BR,T01,Por,1.51,94,27,2024,NA,NA,NA,TBD,"NA, Dead",NA
LTER1,BR,T01,Poc,1.68,80,16,2024,NA,NA,NA,TBD,"NA, Dead",NA
LTER1,BR,T01,Poc,1.69,91,12,2024,2.5,1.7,1.7,TBD,"NA, Growth",NA
LTER1,BR,T01,Poc,1.72,79,15,2024,6.9,6,6,TBD,"NA, Growth",NA
LTER1,BR,T01,Poc,1.75,74,8,2024,6.5,4.7,5.4,TBD,"NA, Growth",NA
LTER1,BR,T01,Poc,1.75,95,13,2024,4,3.8,3.4,TBD,"NA, Growth",NA
LTER1,BR,T01,Por,2.15,95,5,2024,10,8.8,12.1,TBD,"NA, Growth",NA
LTER1,BR,T01,Por,2.25,73,13,2024,4.4,5.5,8.8,TBD,"NA, Growth",NA
LTER1,BR,T01,Por,2.72,88,8,2024,3,1.9,1.3,TBD,"NA, Growth",NA
LTER1,BR,T01,Por,3.23,0,15,2024,2,2.5,5.2,TBD,"NA, Growth",NA
LTER1,BR,T01,Por,3.32,24,15,2024,3.5,2.8,2.3,TBD,"NA, Growth",NA
LTER1,BR,T01,Por,3.65,55,40,2024,20.9,10.4,19.4,TBD,"NA, Growth",NA
LTER1,BR,T01,Por,3.8,24,15,2024,3,2.4,2.5,TBD,"NA, Growth",NA
LTER1,BR,T01,Por,3.8,28,63,2024,2.6,1.2,1.7,TBD,"NA, Growth",NA
LTER1,BR,T01,Por,3.84,22,60,2024,1.7,1.7,1.5,TBD,"NA, Growth",NA
LTER1,BR,T01,Por,3.85,29,63,2024,1.5,0.8,0.8,TBD,"NA, Growth",NA
LTER1,BR,T01,Poc,4,40,5,2024,1.7,1.5,1.4,TBD,"NA, Growth",NA
LTER1,BR,T01,Poc,4.2,61,40,2024,NA,NA,NA,TBD,"NA, Dead",NA
LTER1,BR,T01,Poc,4.5,50,30,2024,NA,NA,NA,TBD,"NA, Dead",NA
LTER1,BR,T01,Por,4.55,35,25,2024,NA,NA,NA,TBD,"NA, Dead",NA
LTER1,BR,T01,Por,4.7,6,10,2024,15,8,12.8,TBD,"NA, Growth",NA
LTER1,BR,T01,Por,4.7,56,40,2024,8,7,5.4,TBD,"NA, Growth",NA
LTER1,BR,T01,Poc,1.18,83,25,2024,2.8,2,3.1,TBD,"NA, Recruitment",NA
LTER1,BR,T01,Poc,1.77,76,10,2024,1.3,1.3,1.2,TBD,"NA, Recruitment",NA
LTER1,BR,T01,Poc,1.74,78,5,2024,2,1,1.9,TBD,"NA, Recruitment",NA
LTER1,BR,T01,Poc,2.87,30,20,2024,1.7,1.7,1.6,TBD,"NA, Recruitment",NA
LTER1,BR,T01,Acr,2.88,31,18,2024,0.6,0.4,0.7,TBD,"NA, Recruitment",NA
LTER1,BR,T01,Poc,3.98,16,40,2024,1.4,1.4,1,TBD,"NA, Recruitment",NA
LTER1,BR,T01,Por,4.15,30,20,2024,8.6,4.8,5.4,TBD,"NA, Migrant",NA
LTER1,BR,T01,Por,4.1,30,5,2024,7.8,8,7,TBD,"NA, Migrant",NA
LTER1,BR,T01,Acr,4.65,0,15,2024,3,1.9,2.3,TBD,"NA, Recruitment",NA
LTER1,BR,T02,Poc,0.2,53,10,2024,10.6,8.9,7,TBD,"NA, Growth",NA
LTER1,BR,T02,Poc,0.66,82,15,2024,NA,NA,NA,TBD,"NA, Dead",NA
LTER1,BR,T02,Poc,1.45,70,40,2024,14.5,9.4,12.1,TBD,"NA, Growth",NA
LTER1,BR,T02,Acr,2.07,79,85,2024,NA,NA,NA,TBD,"NA, Dead",NA
LTER1,BR,T02,Por,2.08,60,87,2024,NA,NA,NA,TBD,"NA, Dead",NA
LTER1,BR,T02,Por,2.1,81,85,2024,5.9,4.4,3.1,TBD,"NA, Growth",NA
LTER1,BR,T02,Poc,2.6,93,32,2024,2.9,2.5,2,TBD,"NA, Growth",NA
LTER1,BR,T02,Acr,2.68,14,85,2024,NA,NA,NA,TBD,"NA, Dead",NA
LTER1,BR,T02,Por,3.08,65,60,2024,10,10.3,8.3,TBD,"NA, Growth",NA
LTER1,BR,T02,Por,3.16,29,40,2024,8.5,4.3,7.1,TBD,"NA, Growth",NA
LTER1,BR,T02,Por,3.4,0,55,2024,NA,NA,NA,TBD,"NA, Dead",NA
LTER1,BR,T02,Poc,3.75,75,40,2024,5.7,3.7,5.7,TBD,"NA, Growth",NA
LTER1,BR,T02,Por,3.9,15,15,2024,12.3,6.1,14,TBD,"NA, Growth",NA
LTER1,BR,T02,Por,3.96,6,40,2024,7.5,3.5,7.4,TBD,"NA, Growth",NA
LTER1,BR,T02,Por,4.05,16,40,2024,3.4,1.5,2.1,TBD,"NA, Growth",NA
LTER1,BR,T02,Poc,4.25,7,45,2024,4.6,3.3,3.3,TBD,"NA, Growth",NA
LTER1,BR,T02,Acr,0.34,61,17,2024,3.2,2.5,2.4,TBD,"A. hyacynthus, Recruitment",NA
LTER1,BR,T02,Poc,0.77,90,25,2024,3.1,1.7,2.3,TBD,"NA, Recruitment",NA
LTER1,BR,T02,Poc,3.2,87,35,2024,2,1.5,1.7,TBD,"NA, Recruitment",NA
LTER1,BR,T02,Poc,4.45,12,40,2024,5.1,4,3.1,TBD,"NA, Recruitment",NA
LTER1,BR,T02,Poc,4.45,61,20,2024,2.2,1.4,1.3,TBD,"NA, Recruitment",NA
LTER1,BR,T02,Poc,4.65,73,2,2024,1.4,0.8,0.8,TBD,"Loose, Recruitment",NA
LTER1,BR,T03,Acr,0,65,80,2024,NA,NA,NA,TBD,"NA, Dead",NA
LTER1,BR,T03,Por,0.08,34,34,2024,NA,NA,NA,TBD,"NA, Dead",NA
LTER1,BR,T03,Por,0.13,66,30,2024,NA,NA,NA,TBD,"NA, Dead",NA
LTER1,BR,T03,Poc,0.17,30,30,2024,2.2,2.3,1.8,TBD,"NA, Growth",NA
LTER1,BR,T03,Por,0.3,65,19,2024,24,16,11,TBD,"NA, Growth",NA
LTER1,BR,T03,Poc,0.35,89,42,2024,NA,NA,NA,TBD,"NA, Dead",NA
LTER1,BR,T03,Poc,0.43,69,20,2024,3.8,4,3.5,TBD,"NA, Growth",NA
LTER1,BR,T03,Poc,0.49,90,30,2024,4.8,4.8,4.8,TBD,"NA, Growth",NA
LTER1,BR,T03,Por,0.68,81,17,2024,8.9,7,4.5,TBD,"NA, Growth",NA
LTER1,BR,T03,Poc,1.05,73,15,2024,NA,NA,NA,TBD,"NA, Dead",NA
LTER1,BR,T03,Por,1.34,24,0,2024,16.2,12.1,12.11,TBD,"NA, Growth",NA
LTER1,BR,T03,Por,2.1,60,12,2024,12,9.2,6.8,TBD,"NA, Growth",NA
LTER1,BR,T03,Poc,2.1,70,15,2024,NA,NA,NA,TBD,"NA, Dead",NA
LTER1,BR,T03,Por,2.3,20,32,2024,13.9,8.5,9,TBD,"NA, Growth",NA
LTER1,BR,T03,Por,2.38,9,0,2024,NA,NA,NA,TBD,"NA, Dead",NA
LTER1,BR,T03,Poc,2.5,81,40,2024,6.8,6.8,3.8,TBD,"NA, Growth",NA
LTER1,BR,T03,Por,2.53,2,0,2024,34,11,9,TBD,"NA, Growth",NA
LTER1,BR,T03,Por,2.53,28,0,2024,NA,NA,NA,TBD,"NA, Dead",NA
LTER1,BR,T03,Poc,2.78,1,20,2024,3.5,3.2,2.7,TBD,"NA, Growth",NA
LTER1,BR,T03,Poc,2.81,2,30,2024,NA,NA,NA,TBD,"NA, Dead",NA
LTER1,BR,T03,Acr,3.15,84,60,2024,NA,NA,NA,TBD,"NA, Dead",NA
LTER1,BR,T03,Por,3,1,0,2024,22.1,15.5,15.5,TBD,"NA, Growth",NA
LTER1,BR,T03,Poc,3.18,92,50,2024,NA,NA,NA,TBD,"NA, Dead",NA
LTER1,BR,T03,Por,3.37,90,80,2024,14.8,14,6.8,TBD,"NA, Growth",NA
LTER1,BR,T03,Poc,3.23,75,60,2024,NA,NA,NA,TBD,"NA, Dead",NA
LTER1,BR,T03,Por,3.4,2,10,2024,6.8,6.5,6.8,TBD,"NA, Growth",NA
LTER1,BR,T03,Por,3.4,5,10,2024,5.8,4.2,3.5,TBD,"NA, Growth",NA
LTER1,BR,T03,Por,3.74,88,53,2024,NA,NA,NA,TBD,"NA, Dead",NA
LTER1,BR,T03,Por,3.75,86,50,2024,NA,NA,NA,TBD,"NA, Dead",NA
LTER1,BR,T03,Por,3.85,89,50,2024,NA,NA,NA,TBD,"NA, Dead",NA
LTER1,BR,T03,Por,3.86,81,32,2024,NA,NA,NA,TBD,"NA, Dead",NA
LTER1,BR,T03,Por,3.86,92,37,2024,NA,NA,NA,TBD,"NA, Dead",NA
LTER1,BR,T03,Por,3.86,97,37,2024,NA,NA,NA,TBD,"NA, Dead",NA
LTER1,BR,T03,Poc,3.95,20,50,2024,11.8,12,7.5,TBD,"NA, Growth",NA
LTER1,BR,T03,Por,3.95,83,60,2024,NA,NA,NA,TBD,"NA, Dead",NA
LTER1,BR,T03,Por,3.95,86,50,2024,NA,NA,NA,TBD,"NA, Dead",NA
LTER1,BR,T03,Poc,4.04,1,15,2024,3.5,3.5,2,TBD,"NA, Growth",NA
LTER1,BR,T03,Poc,4.1,5,30,2024,7.2,6.8,6,TBD,"NA, Growth",NA
LTER1,BR,T03,Por,4.6,21,37,2024,25.5,29,13,TBD,"NA, Growth",NA
LTER1,BR,T03,Poc,4.6,1,0,2024,NA,NA,NA,TBD,"NA, Dead",NA
LTER1,BR,T03,Poc,4.35,65,60,2024,3.5,3.5,2.7,TBD,"NA, Growth",NA
LTER1,BR,T03,Por,4.5,80,55,2024,12,9,17,TBD,"NA, Missing data",NA
LTER1,BR,T03,Poc,2.09,10,70,2024,0.25,0.25,0.25,TBD,"NA, Recruitment",NA
LTER1,BR,T03,Por,3.9,90,10,2024,1,1,1,TBD,"NA, Recruitment",NA
LTER1,BR,T03,Poc,3.05,75,6,2024,1,1,1,TBD,"NA, Recruitment",NA
LTER1,BR,T03,Poc,4.65,30,70,2024,3.4,3.4,2.8,TBD,"NA, Recruitment",NA
LTER1,BR,T03,Poc,4.85,40,90,2024,1,1,1,TBD,"NA, Recruitment",NA
LTER1,BR,T03,Poc,1.2,30,50,2024,1,1,1,TBD,"NA, Recruitment",NA
LTER1,BR,T03,Poc,1.4,30,50,2024,1,1,1,TBD,"NA, Recruitment",NA
LTER1,BR,T03,Poc,1.6,30,50,2024,1,1,1,TBD,"NA, Recruitment",NA
LTER1,BR,T03,Poc,3.4,80,20,2024,1,1,1,TBD,"NA, Recruitment",NA
LTER1,BR,T03,Poc,4,72,20,2024,1,1,1,TBD,"NA, Recruitment",NA
LTER1,BR,T03,Por,5,90,80,2024,1,1,1,TBD,"NA, Recruitment",NA
LTER1,BR,T03,Poc,5.1,90,90,2024,1,1,1,TBD,"NA, Recruitment",NA
LTER1,BR,T03,Poc,6,4.5,30,2024,1,1,1,TBD,"NA, Recruitment",NA
LTER1,BR,T04,Por,0.05,60,90,2024,4.5,6.5,4,TBD,"NA, Growth",NA
LTER1,BR,T04,Por,0.05,1,30,2024,7,3,1.5,TBD,"NA, Growth",NA
LTER1,BR,T04,Por,0.5,61,32,2024,16.5,15,15,TBD,"NA, Growth",NA
LTER1,BR,T04,Por,0.5,100,0,2024,16.5,9,7,TBD,"NA, Growth",NA
LTER1,BR,T04,Por,0.79,90,0,2024,9.9,6.5,7.1,TBD,"NA, Growth",NA
LTER1,BR,T04,Poc,1.15,30,40,2024,6,5.9,3.8,TBD,"NA, Growth",NA
LTER1,BR,T04,Poc,1.2,27,40,2024,NA,NA,NA,TBD,"NA, Dead",NA
LTER1,BR,T04,Por,1.4,49,40,2024,20.5,15.5,12,TBD,"NA, Growth",NA
LTER1,BR,T04,Por,1.55,92,25,2024,16.5,11,10.5,TBD,"NA, Growth",NA
LTER1,BR,T04,Por,1.6,60,20,2024,18.5,12,19,TBD,"NA, Growth",NA
LTER1,BR,T04,Poc,2,0,23,2024,7.5,7.5,6,TBD,"NA, Growth",NA
LTER1,BR,T04,Por,2.3,84,23.3,2024,7,7.5,3.5,TBD,"NA, Growth",NA
LTER1,BR,T04,Poc,2.35,80,30,2024,3.5,7,1,TBD,"NA, Growth",NA
LTER1,BR,T04,Por,2.4,70,20,2024,NA,NA,NA,TBD,"NA, Dead",NA
LTER1,BR,T04,Por,2.45,70,25,2024,NA,NA,NA,TBD,"NA, Dead",NA
LTER1,BR,T04,Por,2.5,90,20,2024,10,10,10,TBD,"NA, Growth",NA
LTER1,BR,T04,Poc,2.7,13,30,2024,NA,NA,NA,TBD,"NA, Dead",NA
LTER1,BR,T04,Por,2.79,62,40,2024,4.2,4.2,1.8,TBD,"NA, Growth",NA
LTER1,BR,T04,Por,2.8,77,30,2024,6.8,6.8,1,TBD,"NA, Growth",NA
LTER1,BR,T04,Por,2.88,63,30,2024,2,2,1,TBD,"NA, Growth",NA
LTER1,BR,T04,Poc,2.89,69,10,2024,3,3,1,TBD,"NA, Growth",NA
LTER1,BR,T04,Acr,2.9,10,30,2024,NA,NA,NA,TBD,"NA, Dead",NA
LTER1,BR,T04,Por,2.91,5,25,2024,NA,NA,NA,TBD,"NA, Dead",NA
LTER1,BR,T04,Por,3.05,70,0,2024,NA,NA,NA,TBD,"NA, Dead",NA
LTER1,BR,T04,Por,3.45,100,5,2024,NA,NA,NA,TBD,"NA, Dead",NA
LTER1,BR,T04,Poc,3.83,20,30,2024,NA,NA,NA,TBD,"NA, Dead",NA
LTER1,BR,T04,Por,4.11,1,63,2024,18.5,18,8.2,TBD,"NA, Growth",NA
LTER1,BR,T04,Por,4.46,2,67,2024,NA,NA,NA,TBD,"NA, Dead",NA
LTER1,BR,T04,Por,4.65,26,66,2024,23,23,13,TBD,"NA, Growth",NA
LTER1,BR,T04,Poc,4.85,35,50,2024,7,6,4.2,TBD,"NA, Growth",NA
LTER1,BR,T04,Por,4.9,13,60,2024,18,14,38,TBD,"NA, Growth",NA
LTER1,BR,T04,Por,4.92,40,50,2024,21,16.5,11,TBD,"NA, Growth",NA
LTER1,BR,T04,Poc,4.99,30,60,2024,7.5,6.8,7,TBD,"NA, Growth",NA
LTER1,BR,T04,Acr,0.5,100,60,2024,11,11,8.5,TBD,"NA, Edge",NA
LTER1,BR,T04,Acr,1.35,60,20,2024,3,3,3,TBD,"NA, Recruitment",NA
LTER1,BR,T04,Por,1.8,20,10,2024,11,4,6,TBD,"NA, Missing data",NA
LTER1,BR,T04,Poc,1.08,19,40,2024,0.5,0.5,0.5,TBD,"NA, Recruitment",NA
LTER1,BR,T04,Poc,1.09,10,40,2024,9,9,6,TBD,"NA, Missing data",NA
LTER1,BR,T04,Poc,2.8,80,40,2024,0.5,0.5,0.5,TBD,"NA, Recruitment",NA
LTER1,BR,T04,Poc,2.82,30,30,2024,1,1,1,TBD,"NA, Recruitment",NA
LTER1,OR,T01,Poc,0.03,85,13,2024,NA,NA,NA,TBD,"NA, Dead",NA
LTER1,OR,T01,Poc,0.4,83,15,2024,NA,NA,NA,TBD,"NA, Dead",NA
LTER1,OR,T01,Poc,0.4,17,13,2024,NA,NA,NA,TBD,"NA, Dead",NA
LTER1,OR,T01,Poc,0.41,15,13,2024,NA,NA,NA,TBD,"NA, Dead",NA
LTER1,OR,T01,Poc,0.5,11,13,2024,NA,NA,NA,TBD,"NA, Dead",NA
LTER1,OR,T01,Poc,0.53,28,15,2024,NA,NA,NA,TBD,"NA, Dead",NA
LTER1,OR,T01,Poc,1,3,15,2024,NA,NA,NA,TBD,"NA, Dead",NA
LTER1,OR,T01,Acr,3.1,0,15,2024,NA,NA,NA,TBD,"NA, Dead",NA
LTER1,OR,TO1,Poc,0.4,9,13,2024,1.5,0.6,1.3,TBD,"NA, Recruitment",NA
LTER1,OR,T02,Poc,0.3,93,0,2024,NA,NA,NA,TBD,"NA, Dead",NA
LTER1,OR,T02,Poc,0.35,9,34,2024,NA,NA,NA,TBD,"NA, Dead",NA
LTER1,OR,T02,Poc,0.82,47,0,2024,NA,NA,NA,TBD,"NA, Dead",NA
LTER1,OR,T02,Por,1,68,3,2024,2.7,1.3,1.3,TBD,"NA, Recruitment",NA
LTER1,OR,T02,Poc,0.96,1,8,2024,NA,NA,NA,TBD,"NA, Dead",NA
LTER1,OR,T02,Por,0.17,41,3,2024,5.4,2.7,4.4,TBD,"NA, Recruitment",NA
LTER1,OR,T02,Acr,3.1,52,1,2024,2.3,1.1,1.2,TBD,"NA, Recruitment",NA
LTER1,OR,T03,Poc,0.05,32,4,2024,NA,NA,NA,TBD,"NA, Dead",NA
LTER1,OR,T04,Poc,0.36,66,10,2024,NA,NA,NA,TBD,"NA, Dead",NA
LTER1,OR,T04,Por,0.58,50,0,2024,NA,NA,NA,TBD,"NA, Dead",NA
LTER1,OR,T04,Por,0.58,47,0,2024,NA,NA,NA,TBD,"NA, Dead",NA
LTER1,OR,T04,Por,0.66,21,0,2024,NA,NA,NA,TBD,"NA, Dead",NA
LTER2,BR,P01,Por,0.5,70,150,2024,33.2,19.7,23.2,TBD,"NA, Growth",NA
LTER2,BR,P01,Por,1.4,10,40,2024,25.2,15,25.2,TBD,"NA, Growth",NA
LTER2,BR,P01,Poc,3.4,50,110,2024,NA,NA,NA,TBD,"NA, Dead",NA
LTER2,BR,P01,Poc,3.65,80,130,2024,NA,NA,NA,TBD,"NA, Dead",NA
LTER2,BR,P01,Poc,3.69,54,105,2024,NA,NA,NA,TBD,"NA, Dead",NA
LTER2,BR,P01,Poc,4.15,35,130,2024,NA,NA,NA,TBD,"NA, Dead",NA
LTER2,BR,P01,Poc,4.4,5,100,2024,NA,NA,NA,TBD,"NA, Dead",NA
LTER2,BR,P01,Poc,4.4,40,140,2024,5.5,3.8,4,TBD,"NA, Growth",NA
LTER2,BR,P01,Poc,4.4,47,120,2024,2.1,0.5,1.3,TBD,"NA, Growth",NA
LTER2,BR,P01,Poc,4.5,35,130,2024,13.1,7.2,8,TBD,"NA, Growth",NA
LTER2,BR,P01,Poc,4.55,25,100,2024,NA,NA,NA,TBD,"NA, Dead",NA
LTER2,BR,P01,Poc,4.9,5,135,2024,NA,NA,NA,TBD,"NA, Dead",NA
LTER2,BR,P01,Poc,5.16,82,100,2024,NA,NA,NA,TBD,"NA, Dead",NA
LTER2,BR,P01,Poc,5.2,20,135,2024,NA,NA,NA,TBD,"NA, Dead",NA
LTER2,BR,P01,Acr,5.55,40,125,2024,NA,NA,NA,TBD,"NA, Dead",NA
LTER2,BR,P01,Por,5.6,65,100,2024,29,35.1,28.8,TBD,"NA, Growth",NA
LTER2,BR,P01,Por,5.8,50,50,2024,69.7,64.7,37.4,TBD,"NA, Growth",NA
LTER2,BR,P01,Poc,7,88,60,2024,4.3,3.2,4.3,TBD,"NA, Growth",NA
LTER2,BR,P01,Poc,9.64,0,60,2024,NA,NA,NA,TBD,"NA, Dead",NA
LTER2,BR,P01,Por,10,90,40,2024,18.8,15.4,15,TBD,"NA, Growth",NA
LTER2,BR,P01,Poc,0.55,60,130,2024,15.7,13,9.7,TBD,"NA, Missing data",NA
LTER2,BR,P01,Poc,0.55,75,125,2024,12,12.8,13,TBD,"NA, Missing data",NA
LTER2,BR,P01,Poc,3.9,10,120,2024,4,3.5,3.2,TBD,"NA, Recruitment",NA
LTER2,BR,P01,Poc,4.42,86,95,2024,5,3.8,5,TBD,"NA, Recruitment",NA
LTER2,BR,P01,Poc,5.3,40,75,2024,1.4,1.5,1.5,TBD,"NA, Recruitment",NA
LTER2,BR,P02,Poc,0.53,47,145,2024,51.7,25.2,36.5,TBD,"NA, Growth",NA
LTER2,BR,P02,Poc,0.6,35,80,2024,NA,NA,NA,TBD,"NA, Dead",NA
LTER2,BR,P02,Acr,0.8,60,8,2024,NA,NA,NA,TBD,"NA, Dead",NA
LTER2,BR,P02,Por,0.95,90,100,2024,NA,NA,NA,TBD,"NA, Dead",NA
LTER2,BR,P02,Acr,1.07,58,60,2024,NA,NA,NA,TBD,"NA, Dead",NA
LTER2,BR,P02,Por,1.2,36,90,2024,15.4,11.3,20.6,TBD,"NA, Growth",NA
LTER2,BR,P02,Poc,1.53,30,20,2024,NA,NA,NA,TBD,"NA, Dead",NA
LTER2,BR,P02,Poc,3.1,25,50,2024,NA,NA,NA,TBD,"NA, Dead",NA
LTER2,BR,P02,Poc,3.5,35,40,2024,NA,NA,NA,TBD,"NA, Dead",NA
LTER2,BR,P02,Poc,3.85,63,100,2024,35.5,38,32,TBD,"NA, Growth",NA
LTER2,BR,P02,Poc,4.1,70,120,2024,28.6,19,20.3,TBD,"NA, Growth",NA
LTER2,BR,P02,Por,5.15,20,30,2024,11.3,4.7,7.3,TBD,"NA, Growth",NA
LTER2,BR,P02,Por,5.6,80,30,2024,NA,NA,NA,TBD,"NA, Dead",NA
LTER2,BR,P02,Poc,6.1,98,50,2024,NA,NA,NA,TBD,"NA, Dead",NA
LTER2,BR,P02,Poc,6.4,35,50,2024,53.7,45.5,45,TBD,"NA, Growth",NA
LTER2,BR,P02,Poc,7.1,20,90,2024,4,3.8,4.4,TBD,"NA, Growth",NA
LTER2,BR,P02,Por,7.1,70,50,2024,30,29.7,38.9,TBD,"NA, Growth",NA
LTER2,BR,P02,Poc,7.5,12,90,2024,NA,NA,NA,TBD,"NA, Dead",NA
LTER2,BR,P02,Poc,7.6,60,60,2024,4.1,3.1,3.9,TBD,"NA, Growth",NA
LTER2,BR,P02,Acr,7.7,0,80,2024,NA,NA,NA,TBD,"NA, Dead",NA
LTER2,BR,P02,Poc,8.25,50,60,2024,NA,NA,NA,TBD,"NA, Dead",NA
LTER2,BR,P02,Poc,10,60,30,2024,NA,NA,NA,TBD,"NA, Dead",NA
LTER2,BR,P02,Poc,8.75,25,80,2024,8.7,7.6,6.8,TBD,"NA, Missing data",NA
LTER2,BR,P03,Poc,0.35,88,30,2024,NA,NA,NA,TBD,"COTS, Dead",NA
LTER2,BR,P03,Poc,0.4,95,30,2024,NA,NA,NA,TBD,"COTS, Dead",NA
LTER2,BR,P03,Poc,3.3,30,20,2024,27,31,27,TBD,"NA, Growth",NA
LTER2,BR,P03,Poc,3.6,50,50,2024,NA,NA,NA,TBD,"COTS, Dead",NA
LTER2,BR,P03,Poc,3.8,40,110,2024,NA,NA,NA,TBD,"COTS, Dead",NA
LTER2,BR,P03,Poc,4,50,70,2024,NA,NA,NA,TBD,"COTS, Dead",NA
LTER2,BR,P03,Poc,4.1,40,40,2024,NA,NA,NA,TBD,"COTS, Dead",NA
LTER2,BR,P03,Poc,4.2,30,40,2024,NA,NA,NA,TBD,"COTS, Dead",NA
LTER2,BR,P03,Poc,4.8,50,0,2024,NA,NA,NA,TBD,"COTS, Dead",NA
LTER2,BR,P03,Por,5.2,50,50,2024,18,27,37,TBD,"NA, Growth",NA
LTER2,BR,P03,Poc,5.7,100,30,2024,NA,NA,NA,TBD,"COTS, Dead",NA
LTER2,BR,P03,Poc,6.9,39,39,2024,NA,NA,NA,TBD,"COTS, Dead",NA
LTER2,BR,P03,Acr,7.53,50,100,2024,NA,NA,NA,TBD,"COTS, Dead",NA
LTER2,BR,P03,Acr,7.3,40,100,2024,NA,NA,NA,TBD,"COTS, Dead",NA
LTER2,BR,P03,Acr,8.1,40,50,2024,16,19.5,16.5,TBD,"NA, Growth",NA
LTER2,BR,P03,Por,9.5,50,30,2024,62,28,52.5,TBD,"NA, Growth",NA
LTER2,BR,P03,Poc,1.4,60,30,2024,32,37,32.5,TBD,"NA, Missing data",NA
LTER2,BR,P03,Por,1.8,80,30,2024,28,16,25.5,TBD,"NA, Missing data",NA
LTER2,BR,P04,Por,1.4,90,40,2024,NA,NA,NA,TBD,"NA, Dead",NA
LTER2,BR,P04,Poc,1.45,55,40,2024,252,40,40,TBD,"3/4 dead cots, Growth",NA
LTER2,BR,P04,Poc,2.6,95,20,2024,NA,NA,NA,TBD,"COTS, Dead",NA
LTER2,BR,P04,Poc,3.1,50,60,2024,NA,NA,NA,TBD,"COTS, Dead",NA
LTER2,BR,P04,Por,3.3,80,50,2024,NA,NA,NA,TBD,"COTS, Dead",NA
LTER2,BR,P04,Acr,7.1,100,60,2024,NA,NA,NA,TBD,"COTS, Dead",NA
LTER2,BR,P04,Acr,8.1,55,30,2024,NA,NA,NA,TBD,"COTS, Dead",NA
LTER2,BR,P04,Acr,8.15,70,30,2024,NA,NA,NA,TBD,"COTS, Dead",NA
LTER2,BR,P04,Acr,8.3,72,55,2024,NA,NA,NA,TBD,"COTS, Dead",NA
LTER2,BR,P04,Poc,8.4,40,80,2024,NA,NA,NA,TBD,"COTS, Dead",NA
LTER2,BR,P04,Poc,8.45,65,40,2024,NA,NA,NA,TBD,"COTS, Dead",NA
LTER2,BR,P04,Por,9.5,50,0,2024,10,8,6,TBD,"COTS, NA",NA
LTER2,BR,P04,Por,1.3,50,60,2024,29,19,16,TBD,"NA, Missing data",NA
LTER2,BR,P04,Poc,0.8,60,10,2024,1,1,1,TBD,"NA, Recruitment",NA
LTER2,BR,P05,Acr,1.8,10,15,2024,NA,NA,NA,TBD,"COTS, Dead",NA
LTER2,BR,P05,Poc,2.85,85,30,2024,NA,NA,NA,TBD,"COTS, Dead",NA
LTER2,BR,P05,Acr,3.55,60,60,2024,20,16,9,TBD,"NA, NA",NA
LTER2,BR,P05,Por,3.7,10,80,2024,NA,NA,NA,TBD,"COTS, Dead",NA
LTER2,BR,P05,Acr,4.09,10,80,2024,NA,NA,NA,TBD,"COTS, Dead",NA
LTER2,BR,P05,Acr,5.5,60,10,2024,NA,NA,NA,TBD,"COTS, Dead",NA
LTER2,BR,P05,Acr,6.6,100,30,2024,NA,NA,NA,TBD,"COTS, Dead",NA
LTER2,BR,P05,Acr,7.1,25,40,2024,NA,NA,NA,TBD,"COTS, Dead",NA
LTER2,BR,P05,Acr,7.1,35,40,2024,NA,NA,NA,TBD,"COTS, Dead",NA
LTER2,BR,P05,Acr,7.29,49,80,2024,NA,NA,NA,TBD,"COTS, Dead",NA
LTER2,BR,P05,Acr,7.3,30,80,2024,NA,NA,NA,TBD,"COTS, Dead",NA
LTER2,BR,P05,Acr,7.3,45,80,2024,NA,NA,NA,TBD,"COTS, Dead",NA
LTER2,BR,P05,Poc,7.6,30,10,2024,15,15,12,TBD,"NA, NA",NA
LTER2,BR,P05,Acr,8.5,50,50,2024,NA,NA,NA,TBD,"COTS, Dead",NA
LTER2,BR,P04,Poc,8.9,50,60,2024,1,1,1,TBD,"NA, Recruitment",NA
LTER2,BR,P04,Poc,0.45,40,20,2024,1,1,1,TBD,"NA, Recruitment",NA
LTER2,BR,P04,Poc,0.5,50,20,2024,1,1,1,TBD,"NA, Recruitment",NA
LTER2,BR,P04,Poc,9.45,55,30,2024,1,1,1,TBD,"NA, Recruitment",NA
LTER2,BR,P06,Por,1.15,40,26,2024,17,15,38,TBD,"NA, Growth",NA
LTER2,BR,P06,Por,5.6,83,60,2024,NA,NA,NA,TBD,"NA, Dead",NA
LTER2,BR,P06,Por,9.5,95,39,2024,NA,NA,NA,TBD,"NA, Dead",NA
LTER2,BR,P06,Por,90,40,40,2024,45,48,54,TBD,"NA, Growth",NA
LTER2,BR,P07,Acr,1.2,30,50,2024,NA,NA,NA,TBD,"NA, Dead",NA
LTER2,BR,P07,Por,1.4,100,130,2024,14,48,54,TBD,"NA, Growth",NA
LTER2,BR,P07,Por,4.1,75,70,2024,NA,NA,NA,TBD,"NA, Dead",NA
LTER2,BR,P07,Por,6.1,65,45,2024,NA,NA,NA,TBD,"NA, Dead",NA
LTER2,BR,P07,Por,7.9,50,100,2024,NA,NA,NA,TBD,"NA, Dead",NA
LTER2,BR,P07,Poc,7.9,60,100,2024,25,22,18,TBD,"NA, Growth",NA
LTER2,BR,P07,Por,8.2,50,30,2024,40,38,55,TBD,"NA, Growth",NA
LTER2,BR,P08,Por,1.6,20,0,2024,65,40,65,TBD,"NA, Growth",NA
LTER2,BR,P08,Por,3.1,50,70,2024,NA,NA,NA,TBD,"NA, Dead",NA
LTER2,BR,P08,Acr,3.4,80,50,2024,NA,NA,NA,TBD,"NA, Dead",NA
LTER2,BR,P08,Acr,7.4,20,60,2024,NA,NA,NA,TBD,"NA, Dead",NA
LTER2,BR,P08,Por,9.15,75,20,2024,NA,NA,NA,TBD,"NA, Dead",NA
LTER2,BR,P08,Por,9.8,70,0,2024,NA,NA,NA,TBD,"NA, Dead",NA
LTER2,BR,P09,Por,2.3,50,70,2024,NA,NA,NA,TBD,"NA, Dead",NA
LTER2,BR,P09,Acr,3.4,4,26,2024,NA,NA,NA,TBD,"NA, Dead",NA
LTER2,BR,P09,Acr,3.8,10,15,2024,NA,NA,NA,TBD,"NA, Dead",NA
LTER2,BR,P09,Acr,3.9,32,30,2024,15,15,5,TBD,"NA, Growth",NA
LTER2,BR,P09,Acr,5.7,50,0,2024,NA,NA,NA,TBD,"NA, Dead",NA
LTER2,BR,P09,Por,6.1,90,30,2024,NA,NA,NA,TBD,"NA, Dead",NA
LTER2,BR,P09,Por,7,50,70,2024,NA,NA,NA,TBD,"NA, Dead",NA
LTER2,BR,P09,Acr,7.55,5,50,2024,NA,NA,NA,TBD,"NA, Dead",NA
LTER2,BR,P09,Acr,8.55,63,40,2024,NA,NA,NA,TBD,"NA, Dead",NA
LTER2,BR,P09,Por,9.1,100,45,2024,NA,NA,NA,TBD,"NA, Dead",NA
LTER2,BR,P09,Por,9.2,45,55,2024,NA,NA,NA,TBD,"NA, Dead",NA
LTER2,BR,P10,Acr,0.67,100,40,2024,10,4,5,TBD,"NA, Growth",NA
LTER2,BR,P10,Por,1,5,40,2024,21,25,43,TBD,"NA, Growth",NA
LTER2,BR,P10,Acr,1.1,80,80,2024,7,8,10,TBD,"NA, Growth",NA
LTER2,BR,P10,Acr,1.3,70,30,2024,NA,NA,NA,TBD,"NA, Dead",NA
LTER2,BR,P10,Por,1.55,25,40,2024,NA,NA,NA,TBD,"NA, Dead",NA
LTER2,BR,P10,Por,5.6,85,73,2024,70,28,30,TBD,"NA, Growth",NA
LTER2,BR,P10,Por,6.05,65,50,2024,NA,NA,NA,TBD,"NA, Dead",NA
LTER2,BR,PO8,Poc,7.45,36,45,2024,3,3,3,TBD,"NA, Recruitment",NA
LTER2,BR,PO8,Poc,7.7,70,45,2024,10,15,15,TBD,"NA, Missing data",NA
LTER2,BR,PO6,Poc,2.4,20,20,2024,15,16,14,TBD,"NA, Missing data",NA
LTER2,BR,P10,Poc,1.1,60,80,2024,8,10,16,TBD,"NA, Missing data",NA
LTER2,BR,P10,Poc,1.1,70,80,2024,1,1,1,TBD,"NA, Recruitment",NA
LTER2,BR,P10,Poc,1.8,50,60,2024,1,1,1,TBD,"NA, Recruitment",NA
LTER2,BR,P10,Acr,1.8,70,80,2024,1,1,1,TBD,"NA, Recruitment",NA
LTER2,BR,PO6,Poc,7.6,60,60,2024,22,20,18,TBD,"NA, Missing data",NA
LTER2,BR,PO8,Acr,4,8,50,2024,3,3,3,TBD,"NA, Recruitment",NA
LTER2,BR,T01,Por,0.05,70,130,2024,16.6,8.2,9.7,TBD,"NA, Growth",NA
LTER2,BR,T01,Por,0.05,80,135,2024,6.4,2,4.5,TBD,"NA, Growth",NA
LTER2,BR,T01,Por,0.23,46,69,2024,4.7,2.1,2.5,TBD,"NA, Growth",NA
LTER2,BR,T01,Por,0.26,67,125,2024,16.5,5.6,6.7,TBD,"NA, Growth",NA
LTER2,BR,T01,Poc,0.3,73,127,2024,2.2,2,2.6,TBD,"NA, Growth",NA
LTER2,BR,T01,Por,0.35,40,65,2024,12.5,7.3,12.6,TBD,"NA, Growth",NA
LTER2,BR,T01,Por,0.37,74,115,2024,8.5,7.5,11.5,TBD,"NA, Growth",NA
LTER2,BR,T01,Por,0.37,83,115,2024,85,5.5,9.7,TBD,"NA, Growth",NA
LTER2,BR,T01,Por,0.39,60,20,2024,9.3,4,4.3,TBD,"NA, Growth",NA
LTER2,BR,T01,Por,0.5,50,30,2024,23.4,15.3,25,TBD,"NA, Growth",NA
LTER2,BR,T01,Por,0.54,52,68,2024,10.1,7.5,10.9,TBD,"NA, Growth",NA
LTER2,BR,T01,Por,0.55,60,10,2024,32.7,12.7,15.8,TBD,"NA, Growth",NA
LTER2,BR,T01,Por,0.55,95,110,2024,24.7,20,18.7,TBD,"NA, Growth",NA
LTER2,BR,T01,Por,0.61,48,7,2024,4.7,3.1,8.5,TBD,"NA, Growth",NA
LTER2,BR,T01,Por,0.63,52,65,2024,14.7,12.4,16.8,TBD,"NA, Growth",NA
LTER2,BR,T01,Por,0.8,39,10,2024,35.7,20.9,27.4,TBD,"NA, Growth",NA
LTER2,BR,T01,Por,0.89,75,50,2024,11.8,10.5,14.1,TBD,"NA, Growth",NA
LTER2,BR,T01,Por,0.9,100,60,2024,15,12,21.8,TBD,"NA, Growth",NA
LTER2,BR,T01,Por,1.08,20,20,2024,11.3,6.9,8.3,TBD,"NA, Growth",NA
LTER2,BR,T01,Acr,1.35,10,25,2024,NA,NA,NA,TBD,"NA, Dead",NA
LTER2,BR,T01,Por,1.35,98,15,2024,12,7,9.8,TBD,"NA, Growth",NA
LTER2,BR,T01,Por,1.46,26,37,2024,13.8,14.1,10.8,TBD,"NA, Growth",NA
LTER2,BR,T01,Por,2.6,73,15,2024,11,5.5,6.7,TBD,"NA, Growth",NA
LTER2,BR,T01,Por,2.75,86,18,2024,8.3,5,1.9,TBD,"NA, Growth",NA
LTER2,BR,T01,Por,2.89,60,95,2024,2.2,1.7,2.7,TBD,"NA, Growth",NA
LTER2,BR,T01,Por,2.9,53,91,2024,10,5,6.1,TBD,"NA, Growth",NA
LTER2,BR,T01,Por,2.91,7,64,2024,NA,NA,NA,TBD,"NA, Dead",NA
LTER2,BR,T01,Por,3.03,31,126,2024,17.6,12.2,13.4,TBD,"NA, Growth",NA
LTER2,BR,T01,Acr,3.03,36,130,2024,NA,NA,NA,TBD,"NA, Dead",NA
LTER2,BR,T01,Por,3.05,75,124,2024,17.2,16.5,15.3,TBD,"NA, Growth",NA
LTER2,BR,T01,Por,3.1,26,124,2024,11.5,8.2,15.7,TBD,"NA, Growth",NA
LTER2,BR,T01,Por,3.17,4,110,2024,NA,NA,NA,TBD,"NA, Dead",NA
LTER2,BR,T01,Por,3.2,100,115,2024,16.9,10.8,15.7,TBD,"NA, Growth",NA
LTER2,BR,T01,Acr,3.25,0,100,2024,16.8,11.8,14.7,TBD,"NA, Growth",NA
LTER2,BR,T01,Por,3.26,40,133,2024,7.3,8.3,10.7,TBD,"NA, Growth",NA
LTER2,BR,T01,Poc,3.28,47,133,2024,NA,NA,NA,TBD,"NA, Dead",NA
LTER2,BR,T01,Por,3.3,0,80,2024,17.2,10.5,15,TBD,"NA, Growth",NA
LTER2,BR,T01,Por,3.5,28,126,2024,19.4,19.5,22.3,TBD,"NA, Growth",NA
LTER2,BR,T01,Acr,3.6,65,75,2024,NA,NA,NA,TBD,"NA, Dead",NA
LTER2,BR,T01,Poc,3.7,94,130,2024,12.9,7,15.2,TBD,"NA, Growth",NA
LTER2,BR,T01,Por,3.87,19,89,2024,11.7,7,9.3,TBD,"NA, Growth",NA
LTER2,BR,T01,Poc,4.04,35,60,2024,NA,NA,NA,TBD,"NA, Dead",NA
LTER2,BR,T01,Por,4.04,55,98,2024,5.7,5.6,13.3,TBD,"NA, Growth",NA
LTER2,BR,T01,Poc,4.1,95,130,2024,28.5,25,15,TBD,"NA, Growth",NA
LTER2,BR,T01,Poc,4.18,74,110,2024,NA,NA,NA,TBD,"NA, Dead",NA
LTER2,BR,T01,Por,4.24,86,130,2024,5.3,3.7,4,TBD,"NA, Growth",NA
LTER2,BR,T01,Poc,4.25,68,109,2024,NA,NA,NA,TBD,"NA, Dead",NA
LTER2,BR,T01,Poc,4.25,100,110,2024,10.4,6.5,10.5,TBD,"NA, Growth",NA
LTER2,BR,T01,Poc,4.32,86,125,2024,NA,NA,NA,TBD,"NA, Dead",NA
LTER2,BR,T01,Por,4.45,20,98,2024,14.8,12.2,9.5,TBD,"NA, Growth",NA
LTER2,BR,T01,Por,4.5,28,98,2024,NA,NA,NA,TBD,"NA, Dead",NA
LTER2,BR,T01,Acr,4.54,50,130,2024,NA,NA,NA,TBD,"NA, Dead",NA
LTER2,BR,T01,Poc,4.55,63,130,2024,29.6,23.3,15.6,TBD,"NA, Growth",NA
LTER2,BR,T01,Por,4.57,46,128,2024,19.5,15,24,TBD,"NA, Growth",NA
LTER2,BR,T01,Por,4.63,85,134,2024,8.2,8,9.6,TBD,"NA, Growth",NA
LTER2,BR,T01,Por,4.65,60,130,2024,11.8,8.8,11.8,TBD,"NA, Growth",NA
LTER2,BR,T01,Por,4.75,20,85,2024,39.8,14,37,TBD,"NA, Growth",NA
LTER2,BR,T01,Por,4.75,40,130,2024,26,15.4,30.7,TBD,"NA, Growth",NA
LTER2,BR,T01,Por,4.75,92,135,2024,8.4,6.7,8.6,TBD,"NA, Growth",NA
LTER2,BR,T01,Por,4.85,31,117,2024,5.2,3.7,5.7,TBD,"NA, Fi1",NA
LTER2,BR,T01,Por,4.9,39,8,2024,NA,NA,NA,TBD,"NA, NA",NA
LTER2,BR,T01,Por,4.9,58,125,2024,16.8,11.9,15.9,TBD,"NA, Growth",NA
LTER2,BR,T01,Por,4.97,34,19,2024,5.4,4.7,7.3,TBD,"NA, Growth",NA
LTER2,BR,T01,Por,4.9,31,114,2024,2.8,3.1,4.7,TBD,"NA, Fi1",NA
LTER2,BR,T01,Poc,4.48,81,130,2024,3,2.3,3,TBD,"NA, Recruitment",NA
LTER2,BR,T01,Poc,4.8,50,110,2024,4,4.1,3.4,TBD,"NA, Recruitment",NA
LTER2,BR,T01,Poc,4.98,88,125,2024,25.3,13.8,15.8,TBD,"NA, Missing data",NA
LTER2,BR,T02,Por,0.05,90,87,2024,9.2,6.5,9.2,TBD,"NA, Growth",NA
LTER2,BR,T02,Poc,0.1,60,15,2024,NA,NA,NA,TBD,"NA, Dead",NA
LTER2,BR,T02,Por,0.18,40,48,2024,NA,NA,NA,TBD,"NA, Fus1",NA
LTER2,BR,T02,Por,0.21,57,30,2024,27.8,15.9,60.5,TBD,"NA, Fus1",NA
LTER2,BR,T02,Por,0.21,66,87,2024,27.2,15.2,30.5,TBD,"NA, Fus2",NA
LTER2,BR,T02,Por,0.22,99,28,2024,6.3,3,5.5,TBD,"NA, Growth",NA
LTER2,BR,T02,Por,0.22,99,112,2024,23,11.1,27.9,TBD,"NA, Growth",NA
LTER2,BR,T02,Por,0.23,54,61,2024,NA,NA,NA,TBD,"NA, Fus2",NA
LTER2,BR,T02,Por,0.25,92,60,2024,7.5,3.6,5.9,TBD,"NA, Growth",NA
LTER2,BR,T02,Acr,0.25,100,120,2024,5.7,5.2,4.7,TBD,"NA, Growth",NA
LTER2,BR,T02,Por,0.32,70,47,2024,10.5,9,15.6,TBD,"NA, Growth",NA
LTER2,BR,T02,Por,0.55,100,55,2024,93.2,77,35.4,TBD,"NA, Growth",NA
LTER2,BR,T02,Por,1.1,45,15,2024,5.7,3.3,5.7,TBD,"NA, Growth",NA
LTER2,BR,T02,Por,1.96,15,60,2024,33.5,17.1,36,TBD,"NA, Fis1",NA
LTER2,BR,T02,Por,2.15,31,40,2024,7.9,8,7.8,TBD,"NA, Growth",NA
LTER2,BR,T02,Poc,2.4,17,70,2024,NA,NA,NA,TBD,"NA, Dead",NA
LTER2,BR,T02,Por,2.99,65,49,2024,NA,NA,NA,TBD,"NA, Dead",NA
LTER2,BR,T02,Por,3.8,40,58,2024,11,12.3,24.2,TBD,"NA, Growth",NA
LTER2,BR,T02,Por,4,55,85,2024,19.7,15.7,19,TBD,"NA, Growth",NA
LTER2,BR,T02,Por,4.02,77,40,2024,18.2,9,16.9,TBD,"NA, Fis2",NA
LTER2,BR,T02,Acr,4.1,0,110,2024,NA,NA,NA,TBD,"NA, Dead",NA
LTER2,BR,T02,Poc,4.35,50,110,2024,NA,NA,NA,TBD,"NA, Dead",NA
LTER2,BR,T02,Por,4.55,0,50,2024,30,21.8,31,TBD,"NA, Growth",NA
LTER2,BR,T02,Poc,4.78,75,63,2024,15.3,10.5,10.6,TBD,"NA, Growth",NA
LTER2,BR,T02,Poc,2.25,18,60,2024,8.4,4.9,10,TBD,"NA, Fis1",NA
LTER2,BR,T02,Por,3.95,60,50,2024,25.8,14.3,30,TBD,"NA, Fis2",NA
LTER2,BR,T02,Poc,4.1,38,50,2024,3.9,3.5,3.5,TBD,"NA, Recruitment",NA
LTER2,BR,T03,Por,0,10,48,2024,41,32,16,TBD,"NA, Fus1",NA
LTER2,BR,T03,Por,0,42,42,2024,39.5,26.5,26,TBD,"NA, Fus2",NA
LTER2,BR,T03,Por,0.1,10,30,2024,NA,NA,NA,TBD,"NA, Fus1",NA
LTER2,BR,T03,Por,0.13,35,25,2024,NA,NA,NA,TBD,"NA, Fus2",NA
LTER2,BR,T03,Por,0.5,22,45,2024,9.5,4.2,6.8,TBD,"NA, Growth",NA
LTER2,BR,T03,Por,0.55,90,10,2024,20.5,13,19,TBD,"NA, Growth",NA
LTER2,BR,T03,Por,0.7,40,15,2024,NA,NA,NA,TBD,"NA, Dead",NA
LTER2,BR,T03,Por,0.9,53,65,2024,12.8,6.2,6,TBD,"NA, Growth",NA
LTER2,BR,T03,Por,1,58,60,2024,12,5,5,TBD,"NA, Growth",NA
LTER2,BR,T03,Poc,1.14,15,45,2024,39.5,35.5,23.5,TBD,"NA, Growth",NA
LTER2,BR,T03,Poc,1.35,30,30,2024,20.5,17,16,TBD,"NA, Growth",NA
LTER2,BR,T03,Poc,1.43,5,40,2024,NA,NA,NA,TBD,"COTS, Dead ",NA
LTER2,BR,T03,Acr,1.7,60,44,2024,11,10,11,TBD,"NA, Growth",NA
LTER2,BR,T03,Acr,1.7,60,54,2024,16,6,41.5,TBD,"NA, Growth",NA
LTER2,BR,T03,Poc,2.2,72,35,2024,28.4,21,19.5,TBD,"NA, Growth",NA
LTER2,BR,T03,Poc,2.49,88,30,2024,38,21.5,27,TBD,"NA, Growth",NA
LTER2,BR,T03,Por,2.85,65,13,2024,NA,NA,NA,TBD,"COTS, Dead ",NA
LTER2,BR,T03,Poc,3.05,95,30,2024,NA,NA,NA,TBD,"COTS, Dead ",NA
LTER2,BR,T03,Por,3.65,95,23,2024,NA,NA,NA,TBD,"COTS, Dead ",NA
LTER2,BR,T03,Por,4,15,20,2024,24,20,24,TBD,"NA, Growth",NA
LTER2,BR,T03,Por,4.57,82,31,2024,NA,NA,NA,TBD,"NA, NA",NA
LTER2,BR,T03,Poc,4.75,15,30,2024,34,28,29,TBD,"NA, Fus3",NA
LTER2,BR,T03,Poc,4.78,10,50,2024,NA,NA,NA,TBD,"NA, Fus3",NA
LTER2,BR,T03,Por,4.86,8,25,2024,16.5,14.5,10,TBD,"NA, Growth",NA
LTER2,BR,T03,Por,4.99,50,50,2024,19.2,17,8,TBD,"NA, Growth",NA
LTER2,BR,T03,Por,0.3,90,20,2024,36.5,23,16.5,TBD,"NA, Missing data",NA
LTER2,BR,T03,Por,0.74,10,30,2024,17.5,11.5,11.5,TBD,"NA, Missing data",NA
LTER2,BR,T03,Poc,1.3,70,40,2024,9.2,7,8,TBD,"NA, Missing data",NA
LTER2,BR,T04,Por,0.08,20,82,2024,11,7.5,12,TBD,"NA, Growth",NA
LTER2,BR,T04,Por,0.1,34,76,2024,13,6.5,2,TBD,"NA, Growth",NA
LTER2,BR,T04,Por,0.1,60,57,2024,9.5,7,9.5,TBD,"NA, Growth",NA
LTER2,BR,T04,Por,0.13,73,62,2024,28,20,17,TBD,"NA, Growth",NA
LTER2,BR,T04,Por,0.25,10,80,2024,2.5,2,2,TBD,"NA, Growth",NA
LTER2,BR,T04,Por,0.38,90,60,2024,30,13,32,TBD,"NA, Fus1",NA
LTER2,BR,T04,Por,0.6,35,57,2024,22,14.5,22,TBD,"NA, Growth",NA
LTER2,BR,T04,Por,0.6,79,69,2024,NA,NA,NA,TBD,"NA, Fus1",NA
LTER2,BR,T04,Poc,0.67,14,25,2024,29.5,18,19,TBD,"NA, Growth",NA
LTER2,BR,T04,Por,0.9,100,3,2024,NA,NA,NA,TBD,"COTS, Dead ",NA
LTER2,BR,T04,Por,1.35,91,26,2024,NA,NA,NA,TBD,"COTS, Dead ",NA
LTER2,BR,T04,Por,1.7,50,0,2024,NA,NA,NA,TBD,"COTS, Dead ",NA
LTER2,BR,T04,Por,2.2,43,22,2024,NA,NA,NA,TBD,"COTS, Dead ",NA
LTER2,BR,T04,Por,2.35,95,15,2024,NA,NA,NA,TBD,"COTS, Dead ",NA
LTER2,BR,T04,Por,2.6,21,12,2024,NA,NA,NA,TBD,"COTS, Dead ",NA
LTER2,BR,T04,Por,3.05,50,40,2024,NA,NA,NA,TBD,"COTS, Dead ",NA
LTER2,BR,T04,Por,3.2,67,20,2024,NA,NA,NA,TBD,"COTS, Dead ",NA
LTER2,BR,T04,Acr,3.1,100,80,2024,6,4,3,TBD,"NA, Growth",NA
LTER2,BR,T04,Por,3.15,50,85,2024,NA,NA,NA,TBD,"COTS, Dead ",NA
LTER2,BR,T04,Por,3.15,50,8,2024,NA,NA,NA,TBD,"COTS, Dead ",NA
LTER2,BR,T04,Acr,4.05,10,10,2024,NA,NA,NA,TBD,"COTS, Dead ",NA
LTER2,BR,T04,Por,4.14,28,20,2024,NA,NA,NA,TBD,"COTS, Dead ",NA
LTER2,BR,T04,Por,4.14,30,18,2024,NA,NA,NA,TBD,"COTS, Dead ",NA
LTER2,BR,T04,Por,4.3,10,10,2024,NA,NA,NA,TBD,"COTS, Dead ",NA
LTER2,BR,T04,Por,4.38,21,50,2024,3.5,2.5,4,TBD,"NA, Growth",NA
LTER2,BR,T04,Por,4.45,40,30,2024,6.5,4,10,TBD,"NA, Growth",NA
LTER2,BR,T04,Poc,4.47,11,66,2024,2,4,1,TBD,"NA, Growth",NA
LTER2,BR,T04,Por,4.5,82,35,2024,NA,NA,NA,TBD,"COTS, Dead ",NA
LTER2,BR,T04,Poc,4.7,10,40,2024,NA,NA,NA,TBD,"COTS, Dead ",NA
LTER2,BR,T04,Por,4.7,17,50,2024,6.5,7.5,6,TBD,"NA, Growth",NA
LTER2,BR,T04,Poc,4.8,50,30,2024,6,6,6,TBD,"NA, Growth",NA
NA,NA,NA,Por,1.3,20,50,2024,4,4,3,TBD,"Recruitment, NA",NA
LTER2,OR,T01,Acr,0.05,35,20,2024,NA,NA,NA,TBD,"NA, Dead",NA
LTER2,OR,T01,Mil,0.14,60,22,2024,NA,NA,NA,TBD,"NA, Dead",NA
LTER2,OR,T01,Acr,0.15,68,1,2024,NA,NA,NA,TBD,"NA, Dead",NA
LTER2,OR,T01,Poc,0.23,38,24,2024,NA,NA,NA,TBD,"NA, Dead",NA
LTER2,OR,T01,Acr,0.25,68,0,2024,NA,NA,NA,TBD,"NA, Dead",NA
LTER2,OR,T01,Poc,0.28,58,6,2024,NA,NA,NA,TBD,"NA, Dead",NA
LTER2,OR,T01,Poc,0.37,13,25,2024,NA,NA,NA,TBD,"NA, Dead",NA
LTER2,OR,T01,Mil,0.55,22,16,2024,NA,NA,NA,TBD,"NA, Fis1",NA
LTER2,OR,T01,Por,0.65,100,0,2024,NA,NA,NA,TBD,"NA, Dead",NA
LTER2,OR,T01,Poc,0.71,21,10,2024,NA,NA,NA,TBD,"NA, Dead",NA
LTER2,OR,T01,Por,0.82,40,26,2024,NA,NA,NA,TBD,"NA, Dead",NA
LTER2,OR,T01,Poc,0.83,20,15,2024,NA,NA,NA,TBD,"NA, Dead",NA
LTER2,OR,T01,Poc,0.92,72,6,2024,NA,NA,NA,TBD,"NA, Dead",NA
LTER2,OR,T01,Poc,1,88,10,2024,NA,NA,NA,TBD,"NA, Dead",NA
LTER2,OR,T01,Acr,1.1,67,4,2024,NA,NA,NA,TBD,"NA, Dead",NA
LTER2,OR,T01,Por,1.9,50,0,2024,NA,NA,NA,TBD,"NA, Dead",NA
LTER2,OR,T01,Mil,2.3,29,12,2024,NA,NA,NA,TBD,"NA, Dead",NA
LTER2,OR,T01,Mil,2.38,44,20,2024,12.2,5.6,10.9,TBD,"NA, Growth",NA
LTER2,OR,T01,Por,2.5,100,0,2024,NA,NA,NA,TBD,"NA, Dead",NA
LTER2,OR,T01,Mil,2.8,47,10,2024,NA,NA,NA,TBD,"NA, Dead",NA
LTER2,OR,T01,Por,4.88,93,10,2024,NA,NA,NA,TBD,"NA, Dead",NA
LTER2,OR,T01,Mil,0.97,12,23,2024,16.1,10.2,14.2,TBD,"NA, Fis1",NA
LTER2,OR,T01,Mil,0.93,24,26,2024,2.7,1.1,2.2,TBD,"NA, Fis1",NA
LTER2,OR,T02,Acr,0,20,30,2024,NA,NA,NA,TBD,"NA, Dead",NA
LTER2,OR,T02,Poc,0,60,30,2024,NA,NA,NA,TBD,"NA, Dead",NA
LTER2,OR,T02,Poc,0.06,16,12,2024,NA,NA,NA,TBD,"NA, Dead",NA
LTER2,OR,T02,Poc,0.08,99,15,2024,NA,NA,NA,TBD,"NA, Dead",NA
LTER2,OR,T02,Poc,0.29,61,12,2024,NA,NA,NA,TBD,"NA, Dead",NA
LTER2,OR,T02,Poc,0.55,35,10,2024,NA,NA,NA,TBD,"NA, Dead",NA
LTER2,OR,T02,Acr,0.72,80,3,2024,NA,NA,NA,TBD,"NA, Dead",NA
LTER2,OR,T02,Poc,0.95,75,12,2024,NA,NA,NA,TBD,"NA, Dead",NA
LTER2,OR,T02,Poc,2.29,77,10,2024,NA,NA,NA,TBD,"NA, Dead",NA
LTER2,OR,T02,Poc,3.75,75,10,2024,NA,NA,NA,TBD,"NA, Dead",NA
LTER2,OR,T02,Acr,5,60,30,2024,NA,NA,NA,TBD,"NA, Dead",NA
LTER2,OR,T03,Poc,0.2,17,9,2024,NA,NA,NA,TBD,"NA, Dead",NA
LTER2,OR,T03,Poc,0.18,44,7,2024,NA,NA,NA,TBD,"NA, Dead",NA
LTER2,OR,T03,Poc,0.23,73,13,2024,NA,NA,NA,TBD,"NA, Dead",NA
LTER2,OR,T03,Poc,0.53,5,13,2024,NA,NA,NA,TBD,"NA, Dead",NA
LTER2,OR,T03,Poc,0.56,28,10,2024,NA,NA,NA,TBD,"NA, Dead",NA
LTER2,OR,T03,Poc,0.56,60,9,2024,NA,NA,NA,TBD,"NA, Dead",NA
LTER2,OR,T03,Acr,1.8,12,0,2024,NA,NA,NA,TBD,"NA, Dead",NA
LTER2,OR,T03,Acr,1.96,45,18,2024,NA,NA,NA,TBD,"NA, Dead",NA
LTER2,OR,T03,Acr,3.57,61,24,2024,NA,NA,NA,TBD,"NA, Dead",NA
LTER2,OR,T03,Poc,0.3,88,17,2024,4.5,6.5,2.5,TBD,"NA, Missing data",NA
LTER2,OR,T03,Por,3.9,40,5,2024,1.5,1,2,TBD,"NA, Recruitment",NA
LTER2,OR,T04,Poc,0.03,99,19,2024,NA,NA,NA,TBD,"NA, Dead",NA
LTER2,OR,T04,Poc,0.7,20,10,2024,NA,NA,NA,TBD,"NA, Dead",NA
LTER2,OR,T04,Poc,0.8,100,17,2024,NA,NA,NA,TBD,"NA, Dead",NA
LTER2,OR,T04,Poc,0.9,97,9,2024,NA,NA,NA,TBD,"NA, Dead",NA
LTER2,OR,T04,Por,1.13,90,5,2024,NA,NA,NA,TBD,"NA, Dead",NA
LTER2,OR,T04,Poc,2.22,30,10,2024,NA,NA,NA,TBD,"NA, Dead",NA
LTER2,OR,T04,Poc,2.42,42,10,2024,NA,NA,NA,TBD,"NA, Dead",NA
LTER2,OR,T04,Poc,2.6,50,0,2024,NA,NA,NA,TBD,"NA, Dead",NA
LTER2,OR,T04,Poc,2.64,74,10,2024,NA,NA,NA,TBD,"NA, Dead",NA
LTER2,OR,T04,Por,3.25,3,0,2024,NA,NA,NA,TBD,"NA, Dead",NA
LTER2,OR,T04,Poc,4,50,10,2024,NA,NA,NA,TBD,"NA, Dead",NA
LTER2,OR,T04,Por,4.75,45,20,2024,NA,NA,NA,TBD,"NA, Dead",NA
LTER2,OR,T04,Por,0.8,44,5,2024,1.6,1.2,1,TBD,"NA, Recruitment",NA
LTER4,BR,P01,Acr,0.1,1,25,2024,NA,NA,NA,TBD,"NA, NA",NA
LTER4,BR,P01,Poc,0.15,5,60,2024,NA,NA,NA,TBD,"NA, NA",NA
LTER4,BR,P01,Poc,0.4,98,55,2024,NA,NA,NA,TBD,"NA, NA",NA
LTER4,BR,P01,Poc,0.4,100,12,2024,NA,NA,NA,TBD,"NA, NA",NA
LTER4,BR,P01,Poc,0.5,60,10,2024,NA,NA,NA,TBD,"NA, NA",NA
LTER4,BR,P01,Por,0.6,8,5,2024,NA,NA,NA,TBD,"NA, NA",NA
LTER4,BR,P01,Poc,0.8,40,0,2024,NA,NA,NA,TBD,"NA, NA",NA
LTER4,BR,P01,Acr,1.15,15,43,2024,NA,NA,NA,TBD,"NA, NA",NA
LTER4,BR,P01,Acr,1.2,10,25,2024,NA,NA,NA,TBD,"NA, NA",NA
LTER4,BR,P01,Acr,1.2,13,35,2024,NA,NA,NA,TBD,"NA, NA",NA
LTER4,BR,P01,Poc,1.2,100,5,2024,NA,NA,NA,TBD,"NA, NA",NA
LTER4,BR,P01,Acr,1.27,27,45,2024,NA,NA,NA,TBD,"NA, NA",NA
LTER4,BR,P01,Acr,1.3,28,50,2024,NA,NA,NA,TBD,"NA, NA",NA
LTER4,BR,P01,Acr,1.3,30,110,2024,NA,NA,NA,TBD,"NA, NA",NA
LTER4,BR,P01,Poc,1.5,60,90,2024,NA,NA,NA,TBD,"NA, NA",NA
LTER4,BR,P01,Acr,1.55,10,60,2024,NA,NA,NA,TBD,"NA, NA",NA
LTER4,BR,P01,Poc,1.55,14,60,2024,NA,NA,NA,TBD,"NA, NA",NA
LTER4,BR,P01,Por,1.7,75,60,2024,NA,NA,NA,TBD,"NA, NA",NA
LTER4,BR,P01,Mil,1.78,67,105,2024,NA,NA,NA,TBD,"NA, NA",NA
LTER4,BR,P01,Acr,1.83,30,11,2024,NA,NA,NA,TBD,"NA, NA",NA
LTER4,BR,P01,Poc,2.15,70,75,2024,NA,NA,NA,TBD,"NA, NA",NA
LTER4,BR,P01,Poc,2.63,78,16,2024,NA,NA,NA,TBD,"NA, NA",NA
LTER4,BR,P01,Acr,3.05,30,1,2024,NA,NA,NA,TBD,"NA, NA",NA
LTER4,BR,P01,Poc,3.05,40,5,2024,NA,NA,NA,TBD,"NA, NA",NA
LTER4,BR,P01,Poc,3.25,28,0,2024,NA,NA,NA,TBD,"NA, NA",NA
LTER4,BR,P01,Poc,3.6,5,20,2024,NA,NA,NA,TBD,"NA, NA",NA
LTER4,BR,P01,Acr,3.98,41,5,2024,NA,NA,NA,TBD,"NA, NA",NA
LTER4,BR,P01,Poc,4,37,2,2024,NA,NA,NA,TBD,"NA, NA",NA
LTER4,BR,P01,Poc,4,80,6,2024,NA,NA,NA,TBD,"NA, NA",NA
LTER4,BR,P01,Por,4.5,85,85,2024,NA,NA,NA,TBD,"NA, NA",NA
LTER4,BR,P01,Poc,4.68,43,44,2024,NA,NA,NA,TBD,"NA, NA",NA
LTER4,BR,P01,Poc,4.7,64,70,2024,NA,NA,NA,TBD,"NA, NA",NA
LTER4,BR,P01,Poc,5.48,97,66,2024,NA,NA,NA,TBD,"NA, NA",NA
LTER4,BR,P01,Por,5.5,20,70,2024,NA,NA,NA,TBD,"NA, NA",NA
LTER4,BR,P01,Acr,5.8,45,50,2024,NA,NA,NA,TBD,"NA, NA",NA
LTER4,BR,P01,Por,6,0,40,2024,NA,NA,NA,TBD,"NA, NA",NA
LTER4,BR,P01,Poc,6.16,50,20,2024,NA,NA,NA,TBD,"NA, NA",NA
LTER4,BR,P01,Poc,6.6,60,20,2024,NA,NA,NA,TBD,"NA, NA",NA
LTER4,BR,P01,Por,9.2,90,10,2024,NA,NA,NA,TBD,"NA, NA",NA
LTER4,BR,P01,Poc,9.25,73,30,2024,NA,NA,NA,TBD,"NA, NA",NA
LTER4,BR,P01,Acr,9.4,24,24,2024,NA,NA,NA,TBD,"NA, NA",NA
LTER4,BR,P01,Poc,9.5,74,61,2024,NA,NA,NA,TBD,"NA, NA",NA
LTER4,BR,P01,Por,9.73,75,30,2024,NA,NA,NA,TBD,"NA, NA",NA
LTER4,BR,P01,Acr,9.9,10,30,2024,NA,NA,NA,TBD,"NA, NA",NA
LTER4,BR,P01,Acr,9.9,75,50,2024,NA,NA,NA,TBD,"NA, NA",NA
LTER4,BR,P02,Poc,0.65,7,0,2024,NA,NA,NA,TBD,"NA, NA",NA
LTER4,BR,P02,Acr,0.65,17,75,2024,NA,NA,NA,TBD,"NA, NA",NA
LTER4,BR,P02,Acr,0.72,30,50,2024,NA,NA,NA,TBD,"NA, NA",NA
LTER4,BR,P02,Poc,1,40,50,2024,NA,NA,NA,TBD,"NA, NA",NA
LTER4,BR,P02,Poc,1.4,5,40,2024,NA,NA,NA,TBD,"NA, NA",NA
LTER4,BR,P02,Por,2,12,50,2024,NA,NA,NA,TBD,"NA, NA",NA
LTER4,BR,P02,Poc,2.3,26,45,2024,NA,NA,NA,TBD,"NA, NA",NA
LTER4,BR,P02,Poc,2.55,50,40,2024,NA,NA,NA,TBD,"NA, NA",NA
LTER4,BR,P02,Acr,3.2,73,8,2024,NA,NA,NA,TBD,"NA, NA",NA
LTER4,BR,P02,Acr,4.55,85,60,2024,NA,NA,NA,TBD,"NA, NA",NA
LTER4,BR,P02,Acr,4.55,90,60,2024,NA,NA,NA,TBD,"NA, NA",NA
LTER4,BR,P02,Poc,4.95,78,65,2024,NA,NA,NA,TBD,"NA, NA",NA
LTER4,BR,P02,Poc,5.03,28,65,2024,NA,NA,NA,TBD,"NA, NA",NA
LTER4,BR,P02,Poc,5.05,90,50,2024,NA,NA,NA,TBD,"NA, NA",NA
LTER4,BR,P02,Acr,5.1,70,60,2024,NA,NA,NA,TBD,"NA, NA",NA
LTER4,BR,P02,Poc,5.2,50,60,2024,NA,NA,NA,TBD,"NA, NA",NA
LTER4,BR,P02,Poc,5.2,95,40,2024,NA,NA,NA,TBD,"NA, NA",NA
LTER4,BR,P02,Poc,5.27,27,80,2024,NA,NA,NA,TBD,"NA, NA",NA
LTER4,BR,P02,Acr,5.4,2.4,80,2024,NA,NA,NA,TBD,"NA, NA",NA
LTER4,BR,P02,Acr,5.4,18,10,2024,NA,NA,NA,TBD,"NA, NA",NA
LTER4,BR,P02,Por,5.9,10,40,2024,NA,NA,NA,TBD,"NA, NA",NA
LTER4,BR,P02,Poc,6.85,23,45,2024,NA,NA,NA,TBD,"NA, NA",NA
LTER4,BR,P02,Acr,6.95,50,5,2024,NA,NA,NA,TBD,"NA, NA",NA
LTER4,BR,P02,Acr,7.2,20,40,2024,NA,NA,NA,TBD,"NA, NA",NA
LTER4,BR,P03,Poc,0.6,50,5,2024,NA,NA,NA,TBD,"NA, NA",NA
LTER4,BR,P03,Por,1.9,70,20,2024,NA,NA,NA,TBD,"NA, NA",NA
LTER4,BR,P03,Poc,2.5,35,1,2024,NA,NA,NA,TBD,"NA, NA",NA
LTER4,BR,P03,Acr,3.05,55,25,2024,NA,NA,NA,TBD,"NA, NA",NA
LTER4,BR,P03,Por,3.1,75,30,2024,NA,NA,NA,TBD,"NA, NA",NA
LTER4,BR,P03,Acr,3.6,70,5,2024,NA,NA,NA,TBD,"NA, NA",NA
LTER4,BR,P03,Poc,3.75,65,30,2024,NA,NA,NA,TBD,"NA, NA",NA
LTER4,BR,P03,Poc,3.8,80,16,2024,NA,NA,NA,TBD,"NA, NA",NA
LTER4,BR,P03,Poc,3.85,55,10,2024,NA,NA,NA,TBD,"NA, NA",NA
LTER4,BR,P03,Poc,4.69,45,10,2024,NA,NA,NA,TBD,"NA, NA",NA
LTER4,BR,P03,Poc,4.7,25,70,2024,NA,NA,NA,TBD,"NA, NA",NA
LTER4,BR,P03,Poc,4.75,16,75,2024,NA,NA,NA,TBD,"NA, NA",NA
LTER4,BR,P03,Poc,4.75,30,80,2024,NA,NA,NA,TBD,"NA, NA",NA
LTER4,BR,P03,Acr,4.8,40,10,2024,NA,NA,NA,TBD,"NA, NA",NA
LTER4,BR,P03,Poc,4.95,55,60,2024,NA,NA,NA,TBD,"NA, NA",NA
LTER4,BR,P03,Por,6,70,45,2024,NA,NA,NA,TBD,"NA, NA",NA
LTER4,BR,P03,Acr,6.4,50,30,2024,NA,NA,NA,TBD,"NA, NA",NA
LTER4,BR,P03,Acr,7,10,55,2024,NA,NA,NA,TBD,"NA, NA",NA
LTER4,BR,P03,Acr,7.15,60,45,2024,NA,NA,NA,TBD,"NA, NA",NA
LTER4,BR,P03,Acr,7.35,70,45,2024,NA,NA,NA,TBD,"NA, NA",NA
LTER4,BR,P04,Por,0.1,100,40,2024,NA,NA,NA,TBD,"NA, NA",NA
LTER4,BR,P04,Por,0.2,50,50,2024,NA,NA,NA,TBD,"NA, NA",NA
LTER4,BR,P04,Acr,0.3,25,20,2024,NA,NA,NA,TBD,"NA, NA",NA
LTER4,BR,P04,Acr,0.35,80,20,2024,NA,NA,NA,TBD,"NA, NA",NA
LTER4,BR,P04,Por,2.1,50,0,2024,NA,NA,NA,TBD,"NA, NA",NA
LTER4,BR,P04,Por,3.3,10,20,2024,NA,NA,NA,TBD,"NA, NA",NA
LTER4,BR,P04,Por,6,50,10,2024,NA,NA,NA,TBD,"NA, NA",NA
LTER4,BR,P04,Acr,6.1,1,40,2024,NA,NA,NA,TBD,"NA, NA",NA
LTER4,BR,P04,Por,9.9,100,0,2024,NA,NA,NA,TBD,"NA, NA",NA
LTER4,BR,P04,Acr,10,90,1.5,2024,NA,NA,NA,TBD,"NA, NA",NA
LTER4,BR,P05,Acr,0.9,60,0,2024,NA,NA,NA,TBD,"NA, NA",NA
LTER4,BR,P05,Por,1.5,28,0,2024,NA,NA,NA,TBD,"NA, NA",NA
LTER4,BR,P05,Poc,1.5,50,0,2024,NA,NA,NA,TBD,"NA, NA",NA
LTER4,BR,P05,Poc,1.5,51,0,2024,NA,NA,NA,TBD,"NA, NA",NA
LTER4,BR,P05,Poc,1.5,52,0,2024,NA,NA,NA,TBD,"NA, NA",NA
LTER4,BR,P05,Poc,1.5,53,0,2024,NA,NA,NA,TBD,"NA, NA",NA
LTER4,BR,P05,Poc,1.5,54,0,2024,NA,NA,NA,TBD,"NA, NA",NA
LTER4,BR,P05,Poc,1.5,55,0,2024,NA,NA,NA,TBD,"NA, NA",NA
LTER4,BR,P05,Poc,1.5,56,0,2024,NA,NA,NA,TBD,"NA, NA",NA
LTER4,BR,P05,Acr,1.5,57,0,2024,NA,NA,NA,TBD,"NA, NA",NA
LTER4,BR,P05,Poc,2.8,20,20,2024,NA,NA,NA,TBD,"NA, NA",NA
LTER4,BR,P05,Acr,2.85,40,30,2024,NA,NA,NA,TBD,"NA, NA",NA
LTER4,BR,P05,Acr,2.9,45,30,2024,NA,NA,NA,TBD,"NA, NA",NA
LTER4,BR,P05,Acr,3.7,50,0,2024,NA,NA,NA,TBD,"NA, NA",NA
LTER4,BR,P05,Acr,4.3,58,66,2024,NA,NA,NA,TBD,"NA, NA",NA
LTER4,BR,P05,Acr,4.34,59,62,2024,NA,NA,NA,TBD,"NA, NA",NA
LTER4,BR,P05,Acr,4.35,60,0,2024,NA,NA,NA,TBD,"NA, NA",NA
LTER4,BR,P05,Acr,4.39,57,65,2024,NA,NA,NA,TBD,"NA, NA",NA
LTER4,BR,P05,Acr,4.4,80,0,2024,NA,NA,NA,TBD,"NA, NA",NA
LTER4,BR,P05,Acr,5.5,50,0,2024,NA,NA,NA,TBD,"NA, NA",NA
LTER4,BR,P06,Poc,0,50,0,2024,NA,NA,NA,TBD,"NA, NA",NA
LTER4,BR,P06,Acr,0.15,45,20,2024,NA,NA,NA,TBD,"NA, NA",NA
LTER4,BR,P06,Por,0.25,50,0,2024,NA,Unsampled,NA,TBD,"NA, NA",NA
LTER4,BR,P06,Acr,0.4,70,0,2024,NA,NA,NA,TBD,"NA, NA",NA
LTER4,BR,P06,Por,0.42,80,0,2024,NA,NA,NA,TBD,"NA, NA",NA
LTER4,BR,P06,Por,0.7,0,0,2024,NA,NA,NA,TBD,"NA, NA",NA
LTER4,BR,P06,Por,1.15,70,0,2024,NA,NA,NA,TBD,"NA, NA",NA
LTER4,BR,P06,Por,1.15,71,0,2024,NA,NA,NA,TBD,"NA, NA",NA
LTER4,BR,P06,Por,1.15,72,0,2024,NA,NA,NA,TBD,"NA, NA",NA
LTER4,BR,P06,Por,1.15,73,0,2024,NA,NA,NA,TBD,"NA, NA",NA
LTER4,BR,P06,Por,1.15,74,0,2024,NA,NA,NA,TBD,"NA, NA",NA
LTER4,BR,P06,Por,1.15,75,0,2024,NA,NA,NA,TBD,"NA, NA",NA
LTER4,BR,P06,Por,1.16,70,0,2024,NA,NA,NA,TBD,"NA, NA",NA
LTER4,BR,P06,Por,1.16,71,0,2024,NA,NA,NA,TBD,"NA, NA",NA
LTER4,BR,P06,Por,1.16,72,0,2024,NA,NA,NA,TBD,"NA, NA",NA
LTER4,BR,P06,Por,1.16,73,0,2024,NA,NA,NA,TBD,"NA, NA",NA
LTER4,BR,P06,Por,1.16,74,0,2024,NA,NA,NA,TBD,"NA, NA",NA
LTER4,BR,P06,Por,1.16,75,0,2024,NA,NA,NA,TBD,"NA, NA",NA
LTER4,BR,P06,Por,1.17,70,0,2024,NA,NA,NA,TBD,"NA, NA",NA
LTER4,BR,P06,Por,1.17,71,0,2024,NA,NA,NA,TBD,"NA, NA",NA
LTER4,BR,P06,Por,1.17,72,0,2024,NA,NA,NA,TBD,"NA, NA",NA
LTER4,BR,P06,Por,1.17,73,0,2024,NA,NA,NA,TBD,"NA, NA",NA
LTER4,BR,P06,Por,1.17,74,0,2024,NA,NA,NA,TBD,"NA, NA",NA
LTER4,BR,P06,Acr,1.9,99,0,2024,NA,NA,NA,TBD,"NA, NA",NA
LTER4,BR,P06,Por,2.2,70,0,2024,NA,NA,NA,TBD,"NA, NA",NA
LTER4,BR,P06,Por,2.2,71,0,2024,NA,NA,NA,TBD,"NA, NA",NA
LTER4,BR,P06,Por,2.2,72,0,2024,NA,NA,NA,TBD,"NA, NA",NA
LTER4,BR,P06,Por,2.2,73,0,2024,NA,NA,NA,TBD,"NA, NA",NA
LTER4,BR,P06,Por,2.2,74,0,2024,NA,NA,NA,TBD,"NA, NA",NA
LTER4,BR,P06,Por,2.2,75,0,2024,NA,NA,NA,TBD,"NA, NA",NA
LTER4,BR,P06,Por,2.2,76,0,2024,NA,NA,NA,TBD,"NA, NA",NA
LTER4,BR,P06,Por,2.2,77,0,2024,NA,NA,NA,TBD,"NA, NA",NA
LTER4,BR,P06,Por,2.2,78,0,2024,NA,NA,NA,TBD,"NA, NA",NA
LTER4,BR,P06,Por,2.2,79,0,2024,NA,NA,NA,TBD,"NA, NA",NA
LTER4,BR,P06,Por,2.2,80,0,2024,NA,NA,NA,TBD,"NA, NA",NA
LTER4,BR,P06,Por,2.2,81,0,2024,NA,NA,NA,TBD,"NA, NA",NA
LTER4,BR,P06,Acr,2.8,30,30,2024,NA,NA,NA,TBD,"NA, NA",NA
LTER4,BR,P06,Mil,2.95,40,40,2024,NA,NA,NA,TBD,"NA, NA",NA
LTER4,BR,P06,Acr,3.4,40,50,2024,NA,NA,NA,TBD,"NA, NA",NA
LTER4,BR,P06,Acr,3.4,50,50,2024,NA,NA,NA,TBD,"NA, NA",NA
LTER4,BR,P06,Acr,3.49,50,50,2024,NA,NA,NA,TBD,"NA, NA",NA
LTER4,BR,P06,Acr,3.5,40,50,2024,NA,NA,NA,TBD,"NA, NA",NA
LTER4,BR,P06,Poc,4.1,40,50,2024,NA,NA,NA,TBD,"NA, NA",NA
LTER4,BR,P06,Acr,4.2,50,20,2024,NA,NA,NA,TBD,"NA, NA",NA
LTER4,BR,P06,Acr,5.95,80,30,2024,NA,NA,NA,TBD,"NA, NA",NA
LTER4,BR,P06,Acr,6.2,60,40,2024,NA,NA,NA,TBD,"NA, NA",NA
LTER4,BR,P06,Poc,0.05,18,0,2024,NA,NA,NA,TBD,"NA, NA",NA
LTER4,BR,P06,Poc,0.4,77,0,2024,NA,NA,NA,TBD,"NA, NA",NA
LTER4,BR,P06,Acr,0.5,75,0,2024,NA,NA,NA,TBD,"NA, NA",NA
LTER4,BR,P06,Acr,0.55,70,0,2024,NA,NA,NA,TBD,"NA, NA",NA
LTER4,BR,P06,Acr,0.65,50,0,2024,NA,NA,NA,TBD,"NA, NA",NA
LTER4,BR,P06,Acr,0.85,14,0,2024,NA,NA,NA,TBD,"NA, NA",NA
LTER4,BR,P06,Poc,0.85,95,0,2024,NA,NA,NA,TBD,"NA, NA",NA
LTER4,BR,P06,Por,1.6,77,0,2024,NA,NA,NA,TBD,"NA, NA",NA
LTER4,BR,P07,Acr,2,20,0,2024,NA,NA,NA,TBD,"NA, NA",NA
LTER4,BR,P07,Por,2,100,0,2024,NA,NA,NA,TBD,"NA, NA",NA
LTER4,BR,P07,Acr,2.25,200,0,2024,NA,NA,NA,TBD,"NA, NA",NA
LTER4,BR,P07,Acr,3.7,0,30,2024,NA,NA,NA,TBD,"NA, NA",NA
LTER4,BR,P07,Poc,3.7,1,20,2024,NA,unsampled,NA,TBD,"NA, NA",NA
LTER4,BR,P07,Acr,3.7,77,50,2024,NA,NA,NA,TBD,"NA, NA",NA
LTER4,BR,P07,Por,3.9,26,40,2024,NA,NA,NA,TBD,"NA, NA",NA
LTER4,BR,P07,Acr,4.1,60,60,2024,NA,NA,NA,TBD,"NA, NA",NA
LTER4,BR,P07,Poc,4.2,70,30,2024,NA,NA,NA,TBD,"NA, NA",NA
LTER4,BR,P07,Poc,4.2,70,20,2024,NA,NA,NA,TBD,"NA, NA",NA
LTER4,BR,P07,Por,4.45,100,0,2024,NA,NA,NA,TBD,"NA, NA",NA
LTER4,BR,P07,Acr,4.65,10,20,2024,NA,NA,NA,TBD,"NA, NA",NA
LTER4,BR,P07,Acr,7.1,40,0,2024,NA,NA,NA,TBD,"NA, NA",NA
LTER4,BR,P07,Acr,7.2,20,40,2024,NA,NA,NA,TBD,"NA, NA",NA
LTER4,BR,P07,Acr,7.2,40,50,2024,NA,NA,NA,TBD,"NA, NA",NA
LTER4,BR,P07,Por,9,70,10,2024,NA,NA,NA,TBD,"NA, NA",NA
LTER4,BR,P07,Por,9.55,85,80,2024,NA,NA,NA,TBD,"NA, NA",NA
LTER4,BR,P08,Por,0.6,60,0,2024,NA,NA,NA,TBD,"NA, NA",NA
LTER4,BR,P08,Por,3.4,25,0,2024,NA,NA,NA,TBD,"NA, NA",NA
LTER4,BR,P08,Poc,3.75,50,50,2024,NA,NA,NA,TBD,"NA, NA",NA
LTER4,BR,P08,Poc,3.8,30,0,2024,NA,NA,NA,TBD,"NA, NA",NA
LTER4,BR,P08,Por,4.1,40,0,2024,NA,NA,NA,TBD,"NA, NA",NA
LTER4,BR,P08,Acr,4.3,70,40,2024,NA,NA,NA,TBD,"NA, NA",NA
LTER4,BR,P08,Acr,4.4,60,20,2024,NA,NA,NA,TBD,"NA, NA",NA
LTER4,BR,P08,Por,4.94,32,20,2024,NA,NA,NA,TBD,"NA, NA",NA
LTER4,BR,P08,Acr,5.1,60,40,2024,NA,NA,NA,TBD,"NA, NA",NA
LTER4,BR,P08,Acr,5.25,70,0,2024,NA,NA,NA,TBD,"NA, NA",NA
LTER4,BR,P08,Acr,5.35,50,60,2024,NA,NA,NA,TBD,"NA, NA",NA
LTER4,BR,P08,Poc,5.65,30,50,2024,NA,NA,NA,TBD,"NA, NA",NA
LTER4,BR,P08,Acr,5.9,40,50,2024,NA,NA,NA,TBD,"NA, NA",NA
LTER4,BR,P08,Por,9.8,50,15,2024,NA,NA,NA,TBD,"NA, NA",NA
LTER4,BR,P09,Poc,1.1,52,0,2024,NA,NA,NA,TBD,"NA, NA",NA
LTER4,BR,P09,Por,1.65,25,10,2024,NA,NA,NA,TBD,"NA, NA",NA
LTER4,BR,P09,Por,2.35,24,25,2024,NA,unsampled,NA,TBD,"NA, NA",NA
LTER4,BR,P09,Acr,3.74,70,37,2024,NA,NA,NA,TBD,"NA, NA",NA
LTER4,BR,P09,Acr,4,50,37,2024,NA,NA,NA,TBD,"NA, NA",NA
LTER4,BR,P09,Por,4.2,89,0,2024,NA,NA,NA,TBD,"NA, NA",NA
LTER4,BR,P09,Poc,4.79,90,40,2024,NA,NA,NA,TBD,"NA, NA",NA
LTER4,BR,P09,Acr,4.88,90,30,2024,NA,NA,NA,TBD,"NA, NA",NA
LTER4,BR,P09,Acr,4.9,90,30,2024,NA,NA,NA,TBD,"NA, NA",NA
LTER4,BR,P09,Por,4.91,45,40,2024,NA,NA,NA,TBD,"NA, NA",NA
LTER4,BR,P09,Por,5.2,18,50,2024,NA,NA,NA,TBD,"NA, NA",NA
LTER4,BR,P09,Acr,5.75,80,20,2024,NA,NA,NA,TBD,"NA, NA",NA
LTER4,BR,P09,Poc,5.88,28,70,2024,NA,NA,NA,TBD,"NA, NA",NA
LTER4,BR,P09,Acr,5.9,50,70,2024,NA,NA,NA,TBD,"NA, NA",NA
LTER4,BR,P09,Acr,6.04,90,40,2024,NA,NA,NA,TBD,"NA, NA",NA
LTER4,BR,P09,Acr,6.05,17,80,2024,NA,NA,NA,TBD,"NA, NA",NA
LTER4,BR,P09,Acr,6.05,70,40,2024,NA,NA,NA,TBD,"NA, NA",NA
LTER4,BR,P09,Poc,6.15,20,80,2024,NA,NA,NA,TBD,"NA, NA",NA
LTER4,BR,P09,Acr,6.4,25,40,2024,NA,NA,NA,TBD,"NA, NA",NA
LTER4,BR,P09,Acr,6.5,20,30,2024,NA,NA,NA,TBD,"NA, NA",NA
LTER4,BR,P09,Por,6.9,0,40,2024,NA,NA,NA,TBD,"NA, NA",NA
LTER4,BR,P09,Acr,7.3,77,50,2024,NA,NA,NA,TBD,"NA, NA",NA
LTER4,BR,P09,Acr,7.4,20,50,2024,NA,NA,NA,TBD,"NA, NA",NA
LTER4,BR,P09,Acr,7.4,30,30,2024,NA,NA,NA,TBD,"NA, NA",NA
LTER4,BR,P09,Acr,7.4,40,30,2024,NA,NA,NA,TBD,"NA, NA",NA
LTER4,BR,P09,Poc,8.25,55,75,2024,NA,NA,NA,TBD,"NA, NA",NA
LTER4,BR,P09,Acr,8.3,50,50,2024,NA,NA,NA,TBD,"NA, NA",NA
LTER4,BR,P09,Acr,8.35,88,60,2024,NA,NA,NA,TBD,"NA, NA",NA
LTER4,BR,P09,Acr,8.4,88,60,2024,NA,NA,NA,TBD,"NA, NA",NA
LTER4,BR,P09,Acr,8.62,60,75,2024,NA,NA,NA,TBD,"NA, NA",NA
LTER4,BR,P09,Acr,8.79,0,30,2024,NA,NA,NA,TBD,"NA, NA",NA
LTER4,BR,P09,Acr,8.8,60,40,2024,NA,NA,NA,TBD,"NA, NA",NA
LTER4,BR,P09,Acr,8.95,50,20,2024,NA,NA,NA,TBD,"NA, NA",NA
LTER4,BR,P09,Acr,9.1,30,0,2024,NA,NA,NA,TBD,"NA, NA",NA
LTER4,BR,P10,Por,0.3,50,10,2024,NA,NA,NA,TBD,"NA, Dead",NA
LTER4,BR,P10,Acr,4.1,55,20,2024,NA,NA,NA,TBD,"NA, Dead",NA
LTER4,BR,P10,Acr,4.13,70,20,2024,NA,NA,NA,TBD,"NA, Dead",NA
LTER4,BR,P10,Por,4.3,42,20,2024,NA,NA,NA,TBD,"NA, Dead",NA
LTER4,BR,P10,Por,4.8,25,0,2024,NA,NA,NA,TBD,"NA, Dead",NA
LTER4,BR,P10,Poc,5.25,25,70,2024,NA,NA,NA,TBD,"NA, Dead",NA
LTER4,BR,P10,Poc,5.3,25,20,2024,NA,NA,NA,TBD,"NA, Dead",NA
LTER4,BR,P10,Poc,7.15,20,20,2024,NA,NA,NA,TBD,"NA, Dead",NA
LTER4,BR,P10,Poc,7.15,45,20,2024,NA,NA,NA,TBD,"NA, Dead",NA
LTER4,BR,P10,Poc,7.15,50,20,2024,NA,NA,NA,TBD,"NA, Dead",NA
LTER4,BR,P10,Acr,7.9,75,20,2024,NA,NA,NA,TBD,"NA, Dead",NA
LTER4,BR,T01,Por,0.02,3,89,2024,4.4,6,5.9,TBD,"NA, Growth",NA
LTER4,BR,T01,Acr,0.03,35,15,2024,3.8,2.6,1.9,TBD,"NA, Growth",NA
LTER4,BR,T01,Acr,0.09,38,50,2024,25,20,9.3,TBD,"NA, Growth",NA
LTER4,BR,T01,Poc,0.1,52,67,2024,NA,NA,NA,TBD,"NA, Dead",NA
LTER4,BR,T01,Acr,0.1,60,15,2024,NA,NA,NA,TBD,"NA, Dead",NA
LTER4,BR,T01,Poc,0.15,60,15,2024,NA,NA,NA,TBD,"NA, Dead",NA
LTER4,BR,T01,Acr,0.45,98,8,2024,NA,NA,NA,TBD,"NA, Dead",NA
LTER4,BR,T01,Acr,0.56,0,50,2024,9.7,10.8,8.2,TBD,"NA, Growth",NA
LTER4,BR,T01,Por,0.56,0,69,2024,16.2,12.3,19.5,TBD,"NA, Growth",NA
LTER4,BR,T01,Por,0.58,21,65,2024,NA,NA,NA,TBD,"NA, Dead",NA
LTER4,BR,T01,Por,0.6,16,63,2024,NA,NA,NA,TBD,"NA, Dead",NA
LTER4,BR,T01,Por,0.65,61,9,2024,24.1,22.5,15.4,TBD,"NA, Growth",NA
LTER4,BR,T01,Por,0.7,43,4,2024,NA,NA,NA,TBD,"NA, Dead",NA
LTER4,BR,T01,Poc,0.85,100,5,2024,14.8,10.3,9.5,TBD,"NA, Growth",NA
LTER4,BR,T01,Poc,0.87,8,50,2024,4.9,4.8,4.7,TBD,"NA, Growth",NA
LTER4,BR,T01,Por,1.03,93,22,2024,NA,NA,NA,TBD,"NA, Dead",NA
LTER4,BR,T01,Por,1.04,94,37,2024,6.8,2.1,4.3,TBD,"NA, Growth",NA
LTER4,BR,T01,Poc,1.2,62,15,2024,NA,NA,NA,TBD,"NA, Dead",NA
LTER4,BR,T01,Por,1.21,93,65,2024,10,5.2,7,TBD,"NA, Growth",NA
LTER4,BR,T01,Por,1.23,83,67,2024,5,3.7,5.7,TBD,"NA, Growth",NA
LTER4,BR,T01,Por,1.25,52,30,2024,17.4,5.8,9.2,TBD,"NA, Growth",NA
LTER4,BR,T01,Acr,1.25,100,50,2024,5.5,3.5,3.1,TBD,"NA, Growth",NA
LTER4,BR,T01,Poc,1.36,79,70,2024,11,10.7,8.1,TBD,"NA, Growth",NA
LTER4,BR,T01,Poc,1.2,50,5,2024,NA,NA,NA,TBD,"NA, Dead",NA
LTER4,BR,T01,Por,1.49,40,32,2024,3.9,2.4,4,TBD,"NA, Growth",NA
LTER4,BR,T01,Acr,1.5,70,70,2024,15.8,14.1,7.7,TBD,"NA, Growth",NA
LTER4,BR,T01,Poc,1.58,50,25,2024,NA,NA,NA,TBD,"NA, Dead",NA
LTER4,BR,T01,Por,1.6,57,47,2024,32,13.5,13.7,TBD,"NA, Growth",NA
LTER4,BR,T01,Por,1.75,40,72,2024,NA,NA,NA,TBD,"NA, Dead",NA
LTER4,BR,T01,Acr,1.75,100,75,2024,4.5,3.8,3,TBD,"NA, Growth",NA
LTER4,BR,T01,Por,1.9,67,75,2024,8.3,7.5,7,TBD,"NA, Growth",NA
LTER4,BR,T01,Acr,1.85,100,75,2024,4.3,3,3.2,TBD,"NA, Growth",NA
LTER4,BR,T01,Acr,1.9,97,77,2024,17.7,14.5,8,TBD,"NA, Growth",NA
LTER4,BR,T01,Por,1.95,95,60,2024,7.4,4.5,6.3,TBD,"NA, Growth",NA
LTER4,BR,T01,Acr,1.98,75,30,2024,7.3,2.6,7.7,TBD,"NA, Growth",NA
LTER4,BR,T01,Acr,1.98,93,60,2024,NA,NA,NA,TBD,"NA, Dead",NA
LTER4,BR,T01,Acr,2,72,16,2024,8.5,3.4,11.5,TBD,"NA, Growth",NA
LTER4,BR,T01,Acr,2,78,24,2024,11,2.5,12.3,TBD,"NA, Growth",NA
LTER4,BR,T01,Por,2.2,24,8,2024,9.1,7.3,6.4,TBD,"NA, Growth",NA
LTER4,BR,T01,Por,2.2,28,4,2024,3.7,3.2,4.5,TBD,"NA, Growth",NA
LTER4,BR,T01,Por,2.29,25,10,2024,NA,NA,NA,TBD,"NA, Dead",NA
LTER4,BR,T01,Por,2.3,34,2,2024,NA,NA,NA,TBD,"NA, Dead",NA
LTER4,BR,T01,Poc,2.36,3,19,2024,29,18,18,TBD,"NA, Growth",NA
LTER4,BR,T01,Poc,2.9,70,12,2024,7,5.3,5.1,TBD,"NA, Growth",NA
LTER4,BR,T01,Por,3,95,21,2024,38.9,24,23.3,TBD,"NA, Growth",NA
LTER4,BR,T01,Poc,3.05,80,15,2024,7.1,6.3,5.2,TBD,"NA, Growth",NA
LTER4,BR,T01,Poc,3.1,15,15,2024,8.3,2.9,6.8,TBD,"NA, Growth",NA
LTER4,BR,T01,Por,3.31,91,1,2024,3.3,3.5,3.3,TBD,"NA, Growth",NA
LTER4,BR,T01,Poc,3.36,92,20,2024,15.7,12,10,TBD,"NA, Growth",NA
LTER4,BR,T01,Poc,3.68,92,10,2024,14.2,13,11.2,TBD,"NA, Growth",NA
LTER4,BR,T01,Por,4.3,65,3,2024,NA,NA,NA,TBD,"NA, Dead",NA
LTER4,BR,T01,Por,4.72,100,29,2024,70.1,53.3,51.1,TBD,"NA, Growth",NA
LTER4,BR,T01,Por,4.95,45,25,2024,11.3,8.9,10.2,TBD,"NA, Growth",NA
LTER4,BR,T01,Por,5,60,20,2024,106.5,45,55.6,TBD,"NA, Growth",NA
LTER4,BR,T02,Por,0.07,9,20,2024,112.2,65.5,49.5,TBD,"NA, Growth",NA
LTER4,BR,T02,Por,0.17,80,74,2024,73.5,66.1,54.6,TBD,"NA, Fus1",NA
LTER4,BR,T02,Por,0.35,64,35,2024,NA,NA,NA,TBD,"NA, Fus1",NA
LTER4,BR,T02,Por,0.7,30,0,2024,4.9,6.7,2.3,TBD,"NA, Growth",NA
LTER4,BR,T02,Por,0.85,65,0,2024,25.2,20.5,12.3,TBD,"NA, Growth",NA
LTER4,BR,T02,Poc,0.9,70,0,2024,NA,NA,NA,TBD,"NA, Dead",NA
LTER4,BR,T02,Por,0.95,35,8,2024,NA,NA,NA,TBD,"NA, Dead",NA
LTER4,BR,T02,Poc,1.68,6,27,2024,NA,NA,NA,TBD,"NA, Dead",NA
LTER4,BR,T02,Por,1.75,35,20,2024,25.8,15.1,15.8,TBD,"Loose, Growth",NA
LTER4,BR,T02,Por,1.85,19,15,2024,9.4,7,7.3,TBD,"NA, Growth",NA
LTER4,BR,T02,Por,2.36,10,15,2024,24.3,21.2,19.5,TBD,"NA, Growth",NA
LTER4,BR,T02,Acr,2.39,50,50,2024,NA,NA,NA,TBD,"NA, Dead",NA
LTER4,BR,T02,Acr,2.46,20,40,2024,NA,NA,NA,TBD,"NA, Dead",NA
LTER4,BR,T02,Poc,2.5,5,60,2024,9.5,7.8,7.4,TBD,"NA, Growth",NA
LTER4,BR,T02,Por,2.6,50,20,2024,39.8,13.8,30,TBD,"NA, Growth",NA
LTER4,BR,T02,Por,2.61,23,17,2024,NA,NA,NA,TBD,"NA, Dead",NA
LTER4,BR,T02,Acr,2.63,12,45,2024,4,3.7,2.1,TBD,"NA, Growth",NA
LTER4,BR,T02,Acr,2.7,40,50,2024,4.2,2.5,2.5,TBD,"NA, Growth",NA
LTER4,BR,T02,Por,2.81,36,64,2024,22.4,14.4,13.6,TBD,"NA, Growth",NA
LTER4,BR,T02,Poc,2.75,20,66,2024,29.7,17.2,12.3,TBD,"NA, Growth",NA
LTER4,BR,T02,Por,2.95,37,20,2024,17,14,13.2,TBD,"NA, Growth",NA
LTER4,BR,T02,Por,3,49,43,2024,13.2,7.2,7.2,TBD,"NA, Growth",NA
LTER4,BR,T02,Por,3.1,20,30,2024,88.3,48.3,37.3,TBD,"NA, Growth",NA
LTER4,BR,T02,Acr,3.1,85,8,2024,5.3,3.8,2.8,TBD,"NA, Growth",NA
LTER4,BR,T02,Por,3.15,50,30,2024,4,1.7,2.7,TBD,"NA, Growth",NA
LTER4,BR,T02,Por,3.15,85,3,2024,NA,NA,NA,TBD,"NA, Dead",NA
LTER4,BR,T02,Acr,3.17,43,60,2024,6,3.3,4.2,TBD,"NA, Growth",NA
LTER4,BR,T02,Acr,3.2,1,100,2024,4.9,4.1,3.9,TBD,"NA, Growth",NA
LTER4,BR,T02,Acr,3.5,1,60,2024,7.9,8.3,5.6,TBD,"NA, Growth",NA
LTER4,BR,T02,Poc,3.56,40,20,2024,NA,NA,NA,TBD,"NA, Dead",NA
LTER4,BR,T02,Acr,3.6,85,65,2024,NA,NA,NA,TBD,"NA, Dead",NA
LTER4,BR,T02,Poc,3.71,50,77,2024,19.3,10.9,13,TBD,"NA, Growth",NA
LTER4,BR,T02,Acr,3.75,62,60,2024,NA,NA,NA,TBD,"NA, Dead",NA
LTER4,BR,T02,Por,3.75,97,85,2024,17.7,11.3,19,TBD,"NA, Growth",NA
LTER4,BR,T02,Acr,4.25,88,80,2024,8.7,3.1,8.2,TBD,"NA, Growth",NA
LTER4,BR,T02,Poc,4.25,96,75,2024,NA,NA,NA,TBD,"NA, Dead",NA
LTER4,BR,T02,Por,4.4,2,70,2024,51.7,45,46.7,TBD,"NA, Growth",NA
LTER4,BR,T02,Poc,4.4,23,70,2024,NA,NA,NA,TBD,"NA, Dead",NA
LTER4,BR,T02,Por,4.4,50,50,2024,54.8,36.8,37,TBD,"NA, Growth",NA
LTER4,BR,T02,Por,4.75,24,54,2024,42.8,42,50.3,TBD,"NA, Growth",NA
LTER4,BR,T02,Acr,4.4,40,70,2024,7,8.4,9.1,TBD,"NA, Growth",NA
LTER4,BR,T02,Acr,3.6,90,50,2024,1,0.5,0.3,TBD,"NA, Recruitment",NA
LTER4,BR,T02,Poc,4.63,27,60,2024,2.4,1.8,2.2,TBD,"NA, Recruitment",NA
LTER4,BR,T03,Acr,0,70,60,2024,11.5,8,8.5,TBD,"NA, Growth",NA
LTER4,BR,T03,Acr,0,70,70,2024,4.5,4.5,2,TBD,"NA, Growth",NA
LTER4,BR,T03,Acr,0,75,70,2024,11.5,8,4.5,TBD,"NA, Growth",NA
LTER4,BR,T03,Poc,0.01,30,35,2024,5.5,5.5,1,TBD,"NA, Growth",NA
LTER4,BR,T03,Por,0.01,60,0,2024,10,4,4,TBD,"NA, Growth",NA
LTER4,BR,T03,Por,0.01,70,0,2024,NA,NA,NA,TBD,"NA, Dead",NA
LTER4,BR,T03,Por,0.05,55,80,2024,NA,NA,NA,TBD,"NA, Dead",NA
LTER4,BR,T03,Por,0.06,58,82,2024,NA,NA,NA,TBD,"NA, Dead",NA
LTER4,BR,T03,Por,0.1,60,0,2024,41,30,25,TBD,"NA, Growth",NA
LTER4,BR,T03,Por,0.17,55,77,2024,12,6,5,TBD,"NA, Growth",NA
LTER4,BR,T03,Poc,0.17,64,83,2024,36,24,26,TBD,"NA, Growth",NA
LTER4,BR,T03,Poc,0.19,64,83,2024,18,10,10,TBD,"NA, Growth",NA
LTER4,BR,T03,Por,0.2,18,45,2024,10,5,5,TBD,"NA, Growth",NA
LTER4,BR,T03,Por,0.2,34,60,2024,6.6,6,6,TBD,"NA, Growth",NA
LTER4,BR,T03,Por,0.25,75,40,2024,5.5,3,3.6,TBD,"NA, Growth",NA
LTER4,BR,T03,Por,0.25,94,46,2024,15,4.5,4,TBD,"NA, Growth",NA
LTER4,BR,T03,Por,0.28,60,60,2024,5,4,4,TBD,"NA, Growth",NA
LTER4,BR,T03,Por,0.3,65,30,2024,4,4,4,TBD,"NA, Growth",NA
LTER4,BR,T03,Por,0.4,50,0,2024,NA,NA,NA,TBD,"NA, Dead",NA
LTER4,BR,T03,Por,0.42,58,46,2024,NA,NA,NA,TBD,"NA, Dead",NA
LTER4,BR,T03,Acr,0.45,90,50,2024,9.5,6.5,6,TBD,"NA, Growth",NA
LTER4,BR,T03,Por,0.5,25,10,2024,NA,NA,NA,TBD,"NA, Dead",NA
LTER4,BR,T03,Acr,0.5,77,10,2024,4.5,4.5,3,TBD,"NA, Growth",NA
LTER4,BR,T03,Por,0.55,18,10,2024,NA,NA,NA,TBD,"NA, Dead",NA
LTER4,BR,T03,Poc,0.79,0,0,2024,3,3.5,2,TBD,"NA, Growth",NA
LTER4,BR,T03,Por,0.8,25,25,2024,NA,NA,NA,TBD,"NA, Dead",NA
LTER4,BR,T03,Poc,0.8,90,5,2024,21,11,20,TBD,"NA, Growth",NA
LTER4,BR,T03,Por,0.91,20,32,2024,13,9,11,TBD,"NA, Growth",NA
LTER4,BR,T03,Por,0.94,7,45,2024,14,14,14,TBD,"NA, Growth",NA
LTER4,BR,T03,Por,0.95,65,0,2024,14,14,14,TBD,"NA, Growth",NA
LTER4,BR,T03,Poc,1,50,30,2024,15,12,11,TBD,"NA, Growth",NA
LTER4,BR,T03,Poc,1,51,0,2024,NA,NA,NA,TBD,"NA, Dead",NA
LTER4,BR,T03,Poc,1.1,6,0,2024,11,10,30,TBD,"NA, Growth",NA
LTER4,BR,T03,Por,1.1,20,57,2024,NA,NA,NA,TBD,"NA, Dead",NA
LTER4,BR,T03,Por,1.25,40,0,2024,18,11,11,TBD,"NA, Growth",NA
LTER4,BR,T03,Por,1.3,50,0,2024,15,21,30,TBD,"NA, Growth",NA
LTER4,BR,T03,Poc,1.3,70,0,2024,3,3,3,TBD,"NA, Growth",NA
LTER4,BR,T03,Por,1.95,3,10,2024,27,20,9,TBD,"NA, Growth",NA
LTER4,BR,T03,Acr,1.99,0,28,2024,3.5,5,3.5,TBD,"NA, Growth",NA
LTER4,BR,T03,Acr,1.99,49,40,2024,7,7,1,TBD,"NA, Growth",NA
LTER4,BR,T03,Poc,2,50,0,2024,NA,NA,NA,TBD,"NA, Dead",NA
LTER4,BR,T03,Por,2.07,35,21,2024,6,6,6,TBD,"NA, Growth",NA
LTER4,BR,T03,Poc,2.15,25,15,2024,15.3,12.5,12,TBD,"NA, Growth",NA
LTER4,BR,T03,Por,3.6,61,2,2024,7,5,7,TBD,"NA, Growth",NA
LTER4,BR,T03,Por,3.65,10,10,2024,1.4,4.4,3.5,TBD,"NA, Growth",NA
LTER4,BR,T03,Poc,0.85,25,0,2024,1,1,1,TBD,"NA, Recruitment",NA
LTER4,BR,T03,Poc,1,25,0,2024,1,1,1,TBD,"NA, Recruitment",NA
LTER4,BR,T03,Poc,0.4,75,30,2024,1,1,1,TBD,"NA, Recruitment",NA
LTER4,BR,T03,Acr,0.25,0,0,2024,4,3,3,TBD,"NA, Recruitment",NA
LTER4,BR,T03,Acr,1.8,0,0,2024,2,2,2,TBD,"NA, Recruitment",NA
LTER4,BR,T04,Acr,0.05,30,0,2024,6,6,3.5,TBD,"NA, Growth",NA
LTER4,BR,T04,Acr,0.31,59,0,2024,NA,NA,NA,TBD,"NA, Dead",NA
LTER4,BR,T04,Por,0.35,30,0,2024,5,3,2,TBD,"NA, Growth",NA
LTER4,BR,T04,Por,0.38,30,0,2024,2,2,5,TBD,"NA, Growth",NA
LTER4,BR,T04,Por,0.39,65,0,2024,NA,NA,NA,TBD,"NA, Dead",NA
LTER4,BR,T04,Por,0.4,67,0,2024,NA,NA,NA,TBD,"NA, Dead",NA
LTER4,BR,T04,Acr,1.1,68,0,2024,NA,NA,NA,TBD,"NA, Dead",NA
LTER4,BR,T04,Acr,1.1,81,16,2024,NA,NA,NA,TBD,"NA, Dead",NA
LTER4,BR,T04,Acr,1.3,55,0,2024,NA,NA,NA,TBD,"NA, Dead",NA
LTER4,BR,T04,Poc,1.32,26,0,2024,NA,NA,NA,TBD,"NA, Dead",NA
LTER4,BR,T04,Poc,1.4,39,0,2024,25,20,18,TBD,"NA, Growth",NA
LTER4,BR,T04,Por,1.35,87,0,2024,NA,NA,NA,TBD,"NA, Dead",NA
LTER4,BR,T04,Acr,1.5,20,0,2024,6,6,2,TBD,"NA, Growth",NA
LTER4,BR,T04,Poc,1.7,75,30,2024,NA,NA,NA,TBD,"NA, Dead",NA
LTER4,BR,T04,Por,1.83,50,21,2024,52.5,41,43,TBD,"NA, Growth",NA
LTER4,BR,T04,Acr,1.85,69,30,2024,8,9,4,TBD,"NA, Growth",NA
LTER4,BR,T04,Por,2.28,42,25,2024,44,38,40.5,TBD,"NA, Growth",NA
LTER4,BR,T04,Poc,2.47,80,30,2024,NA,NA,NA,TBD,"NA, Dead",NA
LTER4,BR,T04,Poc,2.6,30,10,2024,NA,NA,NA,TBD,"NA, Dead",NA
LTER4,BR,T04,Poc,2.6,33,10,2024,NA,NA,NA,TBD,"NA, Dead",NA
LTER4,BR,T04,Poc,4.53,84,20,2024,NA,NA,NA,TBD,"NA, Dead",NA
LTER4,BR,T04,Por,5,30,40,2024,150,90,71,TBD,"NA, Growth",NA
LTER4,BR,T04,Poc,0.4,50,0,2024,2,3,2,TBD,"NA, Recruitment",NA
LTER4,BR,T04,Poc,0.9,60,0,2024,1,1,1,TBD,"NA, Recruitment",NA
LTER4,BR,T04,Poc,0.88,70,0,2024,1,1,1,TBD,"NA, Recruitment",NA
LTER4,BR,T04,Poc,0.65,10,0,2024,1,1,1,TBD,"NA, Recruitment",NA
LTER4,BR,T04,Por,0.65,70,0,2024,1,1,1,TBD,"NA, Recruitment",NA
LTER4,OR,T01,Poc,0,80,15,2024,NA,NA,NA,TBD,"NA, Dead",NA
LTER4,OR,T01,Mil,0.2,0,20,2024,NA,NA,NA,TBD,"NA, Dead",NA
LTER4,OR,T01,Poc,0.23,4,5,2024,NA,NA,NA,TBD,"NA, Dead",NA
LTER4,OR,T01,Mil,0.34,30,11,2024,15.7,15.7,17,TBD,"NA, Growth",NA
LTER4,OR,T01,Acr,0.38,57,0,2024,NA,NA,NA,TBD,"NA, Dead",NA
LTER4,OR,T01,Mil,0.4,1,20,2024,2,1.7,2.6,TBD,"NA, Growth",NA
LTER4,OR,T01,Poc,0.45,85,4,2024,NA,NA,NA,TBD,"NA, Dead",NA
LTER4,OR,T01,Poc,0.76,35,2,2024,NA,NA,NA,TBD,"NA, Dead",NA
LTER4,OR,T01,Acr,0.8,78,0,2024,NA,NA,NA,TBD,"NA, Dead",NA
LTER4,OR,T01,Acr,1.25,95,15,2024,NA,NA,NA,TBD,"NA, Dead",NA
LTER4,OR,T01,Acr,1.53,45,5,2024,NA,NA,NA,TBD,"NA, Dead",NA
LTER4,OR,T01,Acr,3.1,0,5,2024,NA,NA,NA,TBD,"NA, Dead",NA
LTER4,OR,T01,Acr,3.17,4,0,2024,NA,NA,NA,TBD,"NA, Dead",NA
LTER4,OR,T01,Acr,3.3,55,4,2024,NA,NA,NA,TBD,"NA, Dead",NA
LTER4,OR,T01,Acr,3.8,55,0,2024,NA,NA,NA,TBD,"NA, Dead",NA
LTER4,OR,T01,Acr,4.88,38,10,2024,NA,NA,NA,TBD,"NA, Dead",NA
LTER4,OR,T01,Poc,0.28,96,15,2024,2,1.4,1.6,TBD,"NA, Recruitment",NA
LTER4,OR,T01,Mil,0.45,5,25,2024,2.3,1.3,1.5,TBD,"NA, Recruitment",NA
LTER4,OR,T01,Poc,0.25,35,15,2024,5.1,2.2,1.6,TBD,"NA, Recruitment",NA
LTER4,OR,T02,Acr,0,23,7,2024,NA,NA,NA,TBD,"NA, Dead",NA
LTER4,OR,T02,Poc,0.15,18,1,2024,NA,NA,NA,TBD,"NA, Dead",NA
LTER4,OR,T02,Poc,0.15,24,5,2024,NA,NA,NA,TBD,"NA, Dead",NA
LTER4,OR,T02,Poc,0.3,30,0,2024,NA,NA,NA,TBD,"NA, Dead",NA
LTER4,OR,T02,Poc,0.73,10,20,2024,NA,NA,NA,TBD,"NA, Dead",NA
LTER4,OR,T02,Mil,0.8,47,25,2024,13.2,11,18.2,TBD,"NA, Growth",NA
LTER4,OR,T02,Acr,0.95,15,0,2024,NA,NA,NA,TBD,"NA, Dead",NA
LTER4,OR,T02,Mil,0.95,55,40,2024,22.8,11.9,13.7,TBD,"NA, Growth",NA
LTER4,OR,T02,Poc,0.98,26,0,2024,NA,NA,NA,TBD,"NA, Dead",NA
LTER4,OR,T02,Acr,1.05,90,0,2024,NA,NA,NA,TBD,"NA, Dead",NA
LTER4,OR,T02,Mil,1.1,28,30,2024,26.6,13.5,17,TBD,"NA, Growth",NA
LTER4,OR,T02,Mil,1.1,45,30,2024,24.8,11.7,10.9,TBD,"NA, Growth",NA
LTER4,OR,T02,Acr,1.2,15,5,2024,NA,NA,NA,TBD,"NA, Dead",NA
LTER4,OR,T02,Mil,1.35,65,20,2024,NA,NA,NA,TBD,"NA, Dead",NA
LTER4,OR,T02,Acr,1.65,60,10,2024,NA,NA,NA,TBD,"NA, Dead",NA
LTER4,OR,T02,Mil,1.75,43,30,2024,21.1,9.3,17.5,TBD,"NA, Growth",NA
LTER4,OR,T02,Acr,1.8,1,15,2024,NA,NA,NA,TBD,"NA, Dead",NA
LTER4,OR,T02,Acr,1.95,90,5,2024,NA,NA,NA,TBD,"NA, Dead",NA
LTER4,OR,T02,Acr,2.28,74,0,2024,NA,NA,NA,TBD,"NA, Dead",NA
LTER4,OR,T02,Acr,3.15,12,5,2024,NA,NA,NA,TBD,"NA, Dead",NA
LTER4,OR,T02,Acr,3.42,58,5,2024,NA,NA,NA,TBD,"NA, Dead",NA
LTER4,OR,T02,Acr,3.45,100,0,2024,NA,NA,NA,TBD,"NA, Dead",NA
LTER4,OR,T02,Acr,3.66,88,1,2024,NA,NA,NA,TBD,"NA, Dead",NA
LTER4,OR,T02,Acr,4.15,75,5,2024,NA,NA,NA,TBD,"NA, Dead",NA
LTER4,OR,T02,Acr,4.3,58,5,2024,NA,NA,NA,TBD,"NA, Dead",NA
LTER4,OR,T02,Acr,4.5,100,0,2024,NA,NA,NA,TBD,"NA, Dead",NA
LTER4,OR,T02,Acr,4.8,0,8,2024,NA,NA,NA,TBD,"NA, Dead",NA
LTER4,OR,T02,Acr,4.8,5,10,2024,NA,NA,NA,TBD,"NA, Dead",NA
LTER4,OR,T03,Poc,0,18,0,2024,NA,NA,NA,TBD,"NA, Dead",NA
LTER4,OR,T03,Acr,0,100,5,2024,NA,NA,NA,TBD,"NA, Dead",NA
LTER4,OR,T03,Acr,0.75,0,0,2024,NA,NA,NA,TBD,"NA, Dead",NA
LTER4,OR,T03,Por,0.77,77,0,2024,NA,NA,NA,TBD,"NA, Dead",NA
LTER4,OR,T03,Poc,0.88,24,0,2024,NA,NA,NA,TBD,"NA, Dead",NA
LTER4,OR,T03,Acr,0.9,80,0,2024,NA,NA,NA,TBD,"NA, Dead",NA
LTER4,OR,T03,Poc,0.95,56,10,2024,NA,NA,NA,TBD,"NA, Dead",NA
LTER4,OR,T03,Acr,1.15,55,0,2024,NA,NA,NA,TBD,"NA, Dead",NA
LTER4,OR,T03,Acr,1.17,60,0,2024,NA,NA,NA,TBD,"NA, Dead",NA
LTER4,OR,T03,Por,1.3,66,0,2024,NA,NA,NA,TBD,"NA, Dead",NA
LTER4,OR,T03,Acr,1.9,89,0,2024,NA,NA,NA,TBD,"NA, Dead",NA
LTER4,OR,T03,Acr,1.9,90,0,2024,NA,NA,NA,TBD,"NA, Dead",NA
LTER4,OR,T03,Acr,2.1,0,0,2024,3,4,3,TBD,"NA, Growth",NA
LTER4,OR,T03,Acr,2.1,50,0,2024,NA,NA,NA,TBD,"NA, Dead",NA
LTER4,OR,T03,Acr,2.15,50,0,2024,NA,NA,NA,TBD,"NA, Dead",NA
LTER4,OR,T03,Acr,3.1,55,0,2024,NA,NA,NA,TBD,"NA, Dead",NA
LTER4,OR,T03,Acr,3.15,10,0,2024,NA,NA,NA,TBD,"NA, Dead",NA
LTER4,OR,T03,Acr,3.5,38,0,2024,NA,NA,NA,TBD,"NA, Dead",NA
LTER4,OR,T03,Por,3.8,0,0,2024,NA,NA,NA,TBD,"NA, Dead",NA
LTER4,OR,T03,Acr,4.3,85,0,2024,NA,NA,NA,TBD,"NA, Dead",NA
LTER4,OR,T03,Por,4.5,30,0,2024,NA,NA,NA,TBD,"NA, Dead",NA
LTER4,OR,T03,Poc,4.8,75,0,2024,NA,NA,NA,TBD,"NA, Dead",NA
LTER4,OR,T03,Poc,0.6,70,0,2024,1,2,1.5,TBD,"NA, Recruitment",NA
LTER4,OR,T03,Poc,0.6,55,10,2024,1,1,1,TBD,"NA, Recruitment",NA
LTER4,OR,T03,Acr,4.8,80,0,2024,1,1,1,TBD,"NA, Recruitment",NA
LTER4,OR,T04,Poc,0,7,5,2024,NA,NA,NA,TBD,"NA, Dead",NA
LTER4,OR,T04,Poc,0.25,75,11,2024,NA,NA,NA,TBD,"NA, Dead",NA
LTER4,OR,T04,Poc,0.25,91,0,2024,NA,NA,NA,TBD,"NA, Dead",NA
LTER4,OR,T04,Acr,0.7,5,0,2024,NA,NA,NA,TBD,"NA, Dead",NA
LTER4,OR,T04,Poc,0.82,26,5,2024,NA,NA,NA,TBD,"NA, Dead",NA
LTER4,OR,T04,Acr,0.95,75,0,2024,NA,NA,NA,TBD,"NA, Dead",NA
LTER4,OR,T04,Acr,1,75,0,2024,NA,NA,NA,TBD,"NA, Dead",NA
LTER4,OR,T04,Acr,1.4,5,0,2024,NA,NA,NA,TBD,"NA, Dead",NA
LTER4,OR,T04,Acr,1.49,20,0,2024,NA,NA,NA,TBD,"NA, Dead",NA
LTER4,OR,T04,Acr,1.9,20,0,2024,NA,NA,NA,TBD,"NA, Dead",NA
LTER4,OR,T04,Acr,1.92,50,0,2024,NA,NA,NA,TBD,"NA, Dead",NA
LTER4,OR,T04,Acr,2.15,22,7,2024,NA,NA,NA,TBD,"NA, Dead",NA
LTER4,OR,T04,Acr,2.2,40,40,2024,NA,NA,NA,TBD,"NA, Dead",NA
LTER4,OR,T04,Acr,2.35,70,4,2024,NA,NA,NA,TBD,"NA, Dead",NA
LTER4,OR,T04,Poc,2.7,40,0,2024,NA,NA,NA,TBD,"NA, Dead",NA
LTER4,OR,T04,Acr,2.7,75,0,2024,NA,NA,NA,TBD,"NA, Dead",NA
LTER4,OR,T04,Acr,3.06,80,0,2024,NA,NA,NA,TBD,"NA, Dead",NA
LTER4,OR,T04,Acr,4.38,60,5,2024,NA,NA,NA,TBD,"NA, Dead",NA
LTER4,OR,T04,Acr,4.5,60,0,2024,NA,NA,NA,TBD,"NA, Dead",NA
LTER4,OR,T04,Acr,4.6,50,0,2024,NA,NA,NA,TBD,"NA, Dead",NA
LTER4,OR,T04,Acr,4.8,60,0,2024,NA,NA,NA,TBD,"NA, Dead",NA
LTER4,OR,T04,Mil,4.87,1,7,2024,NA,NA,NA,TBD,"NA, Dead",NA
LTER5,BR,P01,Por,1.55,50,20,2024,39.6,21.1,26.5,TBD,"NA, Growth",NA
LTER5,BR,P01,Por,1.95,20,100,2024,24.9,23.1,29.4,TBD,"NA, Growth",NA
LTER5,BR,P01,Por,2.15,28,60,2024,21.2,13.1,11.7,TBD,"NA, Growth",NA
LTER5,BR,P01,Poc,2.4,75,14,2024,23.4,17.4,18,TBD,"NA, Growth",NA
LTER5,BR,P01,Poc,2.9,28,80,2024,30,17.5,22.6,TBD,"NA, Growth",NA
LTER5,BR,P01,Poc,4,10,50,2024,26.3,12.9,19.3,TBD,"NA, Growth",NA
LTER5,BR,P01,Poc,4.3,90,10,2024,14.8,9,10.2,TBD,"NA, Growth",NA
LTER5,BR,P01,Poc,5.32,85,10,2024,35.9,30,25.7,TBD,"NA, Fus1",NA
LTER5,BR,P01,Poc,5.4,94,10,2024,NA,NA,NA,TBD,"NA, Fus1",NA
LTER5,BR,P01,Poc,5.5,95,20,2024,15.8,12,14.7,TBD,"NA, Growth",NA
LTER5,BR,P01,Poc,5.7,96,5,2024,17.6,13.2,11,TBD,"NA, Growth",NA
LTER5,BR,P01,Poc,6.16,99,20,2024,NA,NA,NA,TBD,"NA, Dead",NA
LTER5,BR,P01,Poc,6.3,40,20,2024,NA,NA,NA,TBD,"NA, Dead",NA
LTER5,BR,P01,Poc,6.3,94,33,2024,NA,NA,NA,TBD,"NA, Dead",NA
LTER5,BR,P01,Poc,6.32,40,20,2024,NA,NA,NA,TBD,"NA, Dead",NA
LTER5,BR,P01,Poc,6.53,97,3,2024,20.5,21.2,20.7,TBD,"NA, Growth",NA
LTER5,BR,P01,Por,7,40,0,2024,10.7,7.4,7.7,TBD,"NA, Growth",NA
LTER5,BR,P01,Poc,7.67,57,50,2024,NA,NA,NA,TBD,"NA, Dead",NA
LTER5,BR,P01,Por,7.7,70,30,2024,10.4,8,11.3,TBD,"NA, Growth",NA
LTER5,BR,P01,Por,8.5,20,10,2024,NA,NA,NA,TBD,"NA, Dead",NA
LTER5,BR,P01,Poc,8.75,50,30,2024,23.1,19,15.5,TBD,"NA, Growth",NA
LTER5,BR,P01,Acr,8.76,45,35,2024,6.4,3.5,6.3,TBD,"NA, Growth",NA
LTER5,BR,P01,Acr,8.83,58,50,2024,NA,NA,NA,TBD,"NA, Dead",NA
LTER5,BR,P01,Acr,8.9,70,55,2024,NA,NA,NA,TBD,"NA, Dead",NA
LTER5,BR,P01,Acr,8.93,60,50,2024,NA,NA,NA,TBD,"NA, Dead",NA
LTER5,BR,P01,Poc,9,25,55,2024,33,19.4,21.2,TBD,"NA, Growth",NA
LTER5,BR,P01,Por,9.5,50,30,2024,33.5,26.4,15.8,TBD,"NA, Growth",NA
LTER5,BR,P01,Por,9.6,15,40,2024,43.4,23.8,29.6,TBD,"NA, Growth",NA
LTER5,BR,P01,Poc,2.15,90,100,2024,4.3,3.2,2.9,TBD,"NA, Recruitment",NA
LTER5,BR,P01,Poc,2.15,95,100,2024,1.2,0.8,1.5,TBD,"NA, Recruitment",NA
LTER5,BR,P01,Poc,5.05,80,10,2024,25,15.7,14.6,TBD,"NA, Migrant (loose)",NA
LTER5,BR,P01,Poc,8.1,52,35,2024,2.7,2,2.1,TBD,"NA, Recruitment",NA
LTER5,BR,P01,Poc,8.4,53,40,2024,10.6,4.8,5.2,TBD,"NA, Recruitment",NA
LTER5,BR,P01,Poc,8.95,60,40,2024,4.8,3.1,4.3,TBD,"NA, Recruitment",NA
LTER5,BR,P01,Acr,9.13,54,45,2024,1.5,0.8,1.7,TBD,"NA, Recruitment",NA
LTER5,BR,P01,Acr,9.15,53,50,2024,1.5,0.7,1.6,TBD,"NA, Recruitment",NA
LTER5,BR,P01,Acr,9.15,55,50,2024,1.2,0.7,0.6,TBD,"NA, Recruitment",NA
LTER5,BR,P02,Poc,0.1,55,30,2024,20.8,12.7,12.8,TBD,"NA, NA",NA
LTER5,BR,P02,Poc,0.15,70,40,2024,20,13.7,13,TBD,"NA, NA",NA
LTER5,BR,P02,Poc,0.27,38,20,2024,4.2,4.4,1.7,TBD,"NA, NA",NA
LTER5,BR,P02,Poc,0.27,54,30,2024,NA,NA,NA,TBD,"NA, NA",NA
LTER5,BR,P02,Poc,0.3,78,40,2024,8,4.4,8.3,TBD,"NA, NA",NA
LTER5,BR,P02,Poc,3.4,35,160,2024,18.3,10.5,14.2,TBD,"NA, NA",NA
LTER5,BR,P02,Por,4.15,65,40,2024,47.7,20,32.5,TBD,"NA, NA",NA
LTER5,BR,P02,Por,4.8,100,100,2024,25,17.4,12,TBD,"NA, NA",NA
LTER5,BR,P02,Poc,5.15,50,60,2024,35.7,29.7,20.8,TBD,"NA, NA",NA
LTER5,BR,P02,Poc,6.75,83,123,2024,22.6,22.4,24.6,TBD,"NA, NA",NA
LTER5,BR,P02,Poc,7,30,75,2024,22.5,22.6,26.1,TBD,"NA, NA",NA
LTER5,BR,P02,Poc,7,65,13,2024,7.7,6.5,5.9,TBD,"NA, NA",NA
LTER5,BR,P02,Por,7.55,30,40,2024,32.5,16.5,28.5,TBD,"NA, NA",NA
LTER5,BR,P02,Por,7.9,0,60,2024,13.9,9.5,9.1,TBD,"NA, NA",NA
LTER5,BR,P02,Poc,9.1,90,6,2024,NA,NA,NA,TBD,"NA, NA",NA
LTER5,BR,P02,Poc,9.6,31,42,2024,38.9,28.7,27.5,TBD,"NA, NA",NA
LTER5,BR,P02,Poc,0.35,69,40,2024,2.6,2,3,TBD,"NA, Recruitment",NA
LTER5,BR,P03,Poc,0.55,90,2,2024,20.3,18.1,12.2,TBD,"NA, NA",NA
LTER5,BR,P03,Poc,0.65,25,10,2024,21,21,18.4,TBD,"NA, NA",NA
LTER5,BR,P03,Poc,0.7,10,5,2024,21.7,17.6,17.8,TBD,"NA, NA",NA
LTER5,BR,P03,Poc,2.35,90,10,2024,31,20.7,25.5,TBD,"NA, NA",NA
LTER5,BR,P03,Poc,2.37,NA,27,2024,27,15.6,12.7,TBD,"NA, NA",NA
LTER5,BR,P03,Poc,4.88,77,68,2024,3.3,5.3,2.7,TBD,"NA, NA",NA
LTER5,BR,P03,Poc,4.9,50,0,2024,NA,NA,NA,TBD,"NA, NA",NA
LTER5,BR,P03,Acr,6.85,40,120,2024,45.2,19.4,20.5,TBD,"NA, NA",NA
LTER5,BR,P03,Por,7.37,40,20,2024,22.8,13.8,14.9,TBD,"NA, NA",NA
LTER5,BR,P03,Por,8.1,75,20,2024,26.1,18.7,29.3,TBD,"NA, NA",NA
LTER5,BR,P03,Poc,0.4,80,30,2024,2.1,1.5,1.8,TBD,"NA, Recruitment",NA
LTER5,BR,P03,Acr,5.7,90,20,2024,20.7,14.9,16.1,TBD,"NA, Missing data",NA
LTER5,BR,P04,Acr,5.08,50,24,2024,NA,NA,NA,TBD,"NA, Dead",NA
LTER5,BR,P04,Acr,5.2,50,20,2024,NA,NA,NA,TBD,"NA, Dead",NA
LTER5,BR,P04,Acr,5.34,40,5,2024,8,9,6,TBD,"NA, Growth",NA
LTER5,BR,P04,Acr,5.35,45,0,2024,30,17,30,TBD,"NA, Growth",NA
LTER5,BR,P04,Acr,5.35,60,0,2024,15,8,8,TBD,"NA, Growth",NA
LTER5,BR,P04,Acr,5.43,43,40,2024,16,16,20,TBD,"NA, Growth",NA
LTER5,BR,P04,Acr,5.46,14,45,2024,NA,NA,NA,TBD,"NA, Dead",NA
LTER5,BR,P04,Acr,5.75,59,59,2024,214,16,13,TBD,"NA, Growth",NA
LTER5,BR,P05,Por,0.1,12,0,2024,18,15,5,TBD,"NA, Growth",NA
LTER5,BR,P05,Por,1,50,0,2024,56,46,29,TBD,"NA, Growth",NA
LTER5,BR,P05,Poc,2.14,85,10,2024,NA,NA,NA,TBD,"NA, Dead",NA
LTER5,BR,P05,Poc,2.3,66,10,2024,NA,NA,NA,TBD,"NA, Dead",NA
LTER5,BR,P05,Por,2.5,50,0,2024,128,144,80,TBD,"NA, Growth",NA
LTER5,BR,P05,Por,3.25,30,30,2024,163,110,73,TBD,"NA, Growth",NA
LTER5,BR,P05,Por,4,100,20,2024,NA,NA,NA,TBD,"NA, Dead",NA
LTER5,BR,P05,Acr,6.6,0,40,2024,NA,NA,NA,TBD,"NA, Dead",NA
LTER5,BR,P05,Acr,7.25,73,70,2024,34,32,17,TBD,"NA, Growth",NA
LTER5,BR,P05,Por,8.25,25,40,2024,72.2,80,69,TBD,"NA, Growth",NA
LTER5,BR,P06,Por,5.85,60,60,2024,30,30,22,TBD,"NA, Growth",NA
LTER5,BR,P06,Por,7.7,50,10,2024,120,122,66,TBD,"NA, Growth",NA
LTER5,BR,P06,Acr,7.25,45,30,2024,34,35,18,TBD,"NA, Growth",NA
LTER5,BR,P06,Acr,7.25,57,36,2024,10,12.2,9,TBD,"NA, Growth",NA
LTER5,BR,P07,Por,0,50,90,2024,185,172,88,TBD,"NA, Growth",NA
LTER5,BR,P07,Acr,3.77,84,47,2024,49,27,26,TBD,"NA, Growth",NA
LTER5,BR,P07,Por,4.25,95,40,2024,57,44,32,TBD,"NA, Growth",NA
LTER5,BR,P07,Acr,5.7,100,39.3,2024,37.5,30,19.5,TBD,"NA, Growth",NA
LTER5,BR,P07,Por,7.96,26,65,2024,28,40,27,TBD,"NA, Growth",NA
LTER5,BR,P07,Por,9.2,90,10,2024,34,26,24,TBD,"NA, Growth",NA
LTER5,BR,P07,Por,9.35,93,44,2024,70,37,39,TBD,"NA, Growth",NA
LTER5,BR,P07,Por,9.6,80,30,2024,34,32,30,TBD,"NA, Growth",NA
LTER5,BR,PO6,Acr,7.25,73,40,2024,6,6,6,TBD,"NA, Recruitment",NA
LTER5,BR,PO5,Poc,4.6,90,0,2024,1,1,1,TBD,"NA, Recruitment",NA
LTER5,BR,PO4,Poc,5.7,40,30,2024,1,1,1,TBD,"NA, Recruitment",NA
LTER5,BR,PO4,Poc,6.6,60,60,2024,2,1,2,TBD,"NA, Recruitment",NA
LTER5,BR,P08,Por,3.73,24,78,2024,NA,NA,NA,TBD,"NA, Fus1",NA
LTER5,BR,P08,Por,4.5,100,0,2024,92,110,60,TBD,"NA, Fus1",NA
LTER5,BR,P08,Por,6.3,100,80,2024,NA,NA,NA,TBD,"NA, Dead",NA
LTER5,BR,P08,Acr,8.4,60,5,2024,NA,NA,NA,TBD,"NA, Dead",NA
LTER5,BR,P08,Por,9.76,60,0,2024,23,13,20,TBD,"NA, Growth",NA
LTER5,BR,P09,Por,0.6,20,40,2024,19,15.5,22,TBD,"NA, Growth",NA
LTER5,BR,P09,Por,4.15,85,38,2024,114,84,78,TBD,"NA, Growth",NA
LTER5,BR,P09,Por,6,5,80,2024,NA,NA,NA,TBD,"NA, Fus with P10",NA
LTER5,BR,P09,Poc,7.95,65,82,2024,72.1,50,40,TBD,"NA, Growth",NA
LTER5,BR,P09,Por,8.22,37,70,2024,35,20,20,TBD,"NA, Growth",NA
LTER5,BR,P10,Acr,3.7,5,60,2024,NA,NA,NA,TBD,"NA, Dead",NA
LTER5,BR,P10,Por,5.9,20,65,2024,84,59,65,TBD,"NA, Growth",NA
LTER5,BR,P10,Por,6.5,70,50,2024,NA,NA,NA,TBD,"NA, Fus1",NA
LTER5,BR,P10,Por,6.55,100,40,2024,62,60,75,TBD,"NA, Fus1",NA
LTER5,BR,T01,Acr,0,5,15,2024,30.3,14.1,12.2,TBD,"NA, Growth",NA
LTER5,BR,T01,Por,0.28,26,23,2024,4.7,3.1,3.9,TBD,"NA, Growth",NA
LTER5,BR,T01,Poc,0.4,10,45,2024,24.6,25.2,15.5,TBD,"NA, Growth",NA
LTER5,BR,T01,Por,0.52,30,10,2024,3.9,4.2,6.6,TBD,"NA, Growth",NA
LTER5,BR,T01,Por,0.65,14,5,2024,5.7,4.4,6.4,TBD,"NA, Growth",NA
LTER5,BR,T01,Por,0.9,17,20,2024,10.4,10.1,10.2,TBD,"NA, Growth",NA
LTER5,BR,T01,Por,0.97,5,35,2024,8.3,2.8,3.5,TBD,"NA, Growth",NA
LTER5,BR,T01,Por,1.09,37,20,2024,7.4,4.8,10,TBD,"NA, Growth",NA
LTER5,BR,T01,Por,1.12,43,15,2024,12.5,9.7,15.3,TBD,"NA, Growth",NA
LTER5,BR,T01,Por,1.25,5,52,2024,9.9,7,13.6,TBD,"NA, Fus1",NA
LTER5,BR,T01,Por,1.25,45,41,2024,10.9,8,10.2,TBD,"NA, Growth",NA
LTER5,BR,T01,Por,1.29,4,56,2024,NA,NA,NA,TBD,"NA, Fus1",NA
LTER5,BR,T01,Por,1.29,61,27,2024,8.3,7.4,13.3,TBD,"NA, Growth",NA
LTER5,BR,T01,Poc,1.3,32,50,2024,29.7,23.8,20.2,TBD,"NA, Growth",NA
LTER5,BR,T01,Por,1.3,50,44,2024,11.7,8.7,10.3,TBD,"NA, Growth",NA
LTER5,BR,T01,Por,1.32,56,20,2024,6.1,4,5.8,TBD,"NA, Growth",NA
LTER5,BR,T01,Por,1.32,73,16,2024,16.7,12.2,16.8,TBD,"NA, Growth",NA
LTER5,BR,T01,Por,1.33,68,25,2024,11,6.7,9.1,TBD,"NA, Growth",NA
LTER5,BR,T01,Por,1.37,73,13,2024,11.4,5.8,9,TBD,"NA, Growth",NA
LTER5,BR,T01,Por,1.37,79,39,2024,2.1,1.5,2,TBD,"NA, Growth",NA
LTER5,BR,T01,Por,1.37,85,43,2024,NA,NA,NA,TBD,"NA, Dead",NA
LTER5,BR,T01,Por,1.4,47,55,2024,5.5,5.2,5.5,TBD,"NA, Growth",NA
LTER5,BR,T01,Por,1.5,84,38,2024,29.8,20.2,11.3,TBD,"NA, Growth",NA
LTER5,BR,T01,Por,1.5,96,40,2024,3.3,3.1,4.1,TBD,"NA, Growth",NA
LTER5,BR,T01,Por,1.55,0,77,2024,52.3,28.7,38.7,TBD,"NA, Growth",NA
LTER5,BR,T01,Por,1.66,6,96,2024,7.5,6.7,10.5,TBD,"NA, Growth",NA
LTER5,BR,T01,Por,1.7,6,97,2024,78.3,45,34.9,TBD,"NA, Growth",NA
LTER5,BR,T01,Por,1.7,77,55,2024,30,25.5,25,TBD,"NA, Fus2",NA
LTER5,BR,T01,Por,1.73,61,60,2024,NA,NA,NA,TBD,"NA, Dead",NA
LTER5,BR,T01,Poc,1.82,90,80,2024,NA,NA,NA,TBD,"NA, Fus2",NA
LTER5,BR,T01,Por,1.9,82,57,2024,NA,NA,NA,TBD,"NA, Dead",NA
LTER5,BR,T01,Por,2.05,16,98,2024,20.5,13,10.8,TBD,"NA, Growth",NA
LTER5,BR,T01,Por,2.05,65,69,2024,21.3,13.3,11.3,TBD,"NA, Growth",NA
LTER5,BR,T01,Por,2.26,45,57,2024,3.5,2.6,2.5,TBD,"NA, Fis1",NA
LTER5,BR,T01,Por,2.3,41,80,2024,2.5,3.1,6,TBD,"NA, Growth",NA
LTER5,BR,T01,Por,2.35,69,63,2024,9.6,3.1,4,TBD,"NA, Fis2",NA
LTER5,BR,T01,Por,2.43,43,58,2024,26.3,18,30.6,TBD,"NA, Growth",NA
LTER5,BR,T01,Por,2.48,31,78,2024,10.2,6.8,14.3,TBD,"NA, Growth",NA
LTER5,BR,T01,Por,2.49,13,87,2024,12.8,6.3,7.3,TBD,"NA, Growth",NA
LTER5,BR,T01,Por,2.58,47,0,2024,8.5,5.6,6.3,TBD,"NA, Growth",NA
LTER5,BR,T01,Por,2.62,18,76,2024,7.4,6.9,7.2,TBD,"NA, Growth",NA
LTER5,BR,T01,Por,2.72,6,83,2024,6.9,3.7,5.8,TBD,"NA, Growth",NA
LTER5,BR,T01,Por,2.75,41,61,2024,22,12.5,9.2,TBD,"NA, Growth",NA
LTER5,BR,T01,Poc,2.85,76,102,2024,28.8,22.6,15.3,TBD,"NA, Growth",NA
LTER5,BR,T01,Por,2.9,19,69,2024,28.6,41.7,62,TBD,"NA, Growth",NA
LTER5,BR,T01,Por,3.25,7,30,2024,NA,NA,NA,TBD,"NA, Dead",NA
LTER5,BR,T01,Por,3.3,81,75,2024,5.5,4.5,5.2,TBD,"NA, Growth",NA
LTER5,BR,T01,Por,3.5,0,40,2024,72,64,67.4,TBD,"NA, Growth",NA
LTER5,BR,T01,Por,3.8,50,35,2024,7.4,5.7,10.3,TBD,"NA, Growth",NA
LTER5,BR,T01,Poc,3.9,80,35,2024,20.3,16.2,10,TBD,"NA, Fis3",NA
LTER5,BR,T01,Por,3.91,42,35,2024,5.2,2,5,TBD,"NA, Growth",NA
LTER5,BR,T01,Por,3.93,44,30,2024,NA,NA,NA,TBD,"NA, Dead",NA
LTER5,BR,T01,Por,4.17,60,40,2024,5.6,4,6.3,TBD,"NA, Growth",NA
LTER5,BR,T01,Por,4.18,56,48,2024,13.2,8,10.6,TBD,"NA, Growth",NA
LTER5,BR,T01,Por,4.2,50,50,2024,12.4,12.3,12.7,TBD,"NA, Growth",NA
LTER5,BR,T01,Poc,4,75,35,2024,26.2,14,19.6,TBD,"NA, Fis3",NA
LTER5,BR,T01,Por,2.2,50,57,2024,4,3,2,TBD,"NA, Fis1",NA
LTER5,BR,T01,Por,2.25,60,63,2024,6.1,5,4.2,TBD,"NA, Fis2",NA
LTER5,BR,T01,Poc,2.4,25,125,2024,2.8,2.8,3.5,TBD,"NA, Recruitment",NA
LTER5,BR,T02,Poc,0.28,9,51,2024,32,35,28.2,TBD,"NA, Growth",NA
LTER5,BR,T02,Por,0.45,25,24,2024,NA,NA,NA,TBD,"NA, Dead",NA
LTER5,BR,T02,Por,0.45,28,16,2024,13,13.1,12.1,TBD,"NA, Growth",NA
LTER5,BR,T02,Por,0.45,40,27,2024,NA,NA,NA,TBD,"NA, Dead",NA
LTER5,BR,T02,Por,0.46,46,40,2024,NA,NA,NA,TBD,"NA, Dead",NA
LTER5,BR,T02,Por,0.46,90,27,2024,6.3,3,4.1,TBD,"NA, Growth",NA
LTER5,BR,T02,Por,0.47,85,32.1,2024,NA,NA,NA,TBD,"NA, Dead",NA
LTER5,BR,T02,Por,0.51,33,30,2024,4,2.3,3.5,TBD,"NA, Growth",NA
LTER5,BR,T02,Poc,0.58,58,35,2024,NA,NA,NA,TBD,"NA, Dead",NA
LTER5,BR,T02,Por,0.6,56,35,2024,NA,NA,NA,TBD,"NA, Dead",NA
LTER5,BR,T02,Por,0.74,98,30,2024,3,2.3,3.3,TBD,"NA, Growth",NA
LTER5,BR,T02,Por,0.76,43,40,2024,9.2,NA,7.1,TBD,"NA, Growth",NA
LTER5,BR,T02,Por,0.76,91,45,2024,NA,NA,NA,TBD,"NA, Dead",NA
LTER5,BR,T02,Por,0.9,58,40,2024,10.8,9.4,9.1,TBD,"NA, Growth",NA
LTER5,BR,T02,Poc,0.96,15,70,2024,10.2,9.5,7.4,TBD,"NA, Growth",NA
LTER5,BR,T02,Por,0.97,26,70,2024,7.2,4.3,6.5,TBD,"NA, Growth",NA
LTER5,BR,T02,Por,1.05,64,25,2024,8.5,6.9,6.5,TBD,"NA, Growth",NA
LTER5,BR,T02,Poc,1.18,31,45,2024,1.5,0.6,0.7,TBD,"NA, Growth",NA
LTER5,BR,T02,Por,1.3,94,40,2024,NA,NA,NA,TBD,"NA, Dead",NA
LTER5,BR,T02,Por,1.3,96,45,2024,3.9,3.5,4,TBD,"NA, Growth",NA
LTER5,BR,T02,Por,1.35,47,20,2024,5.2,3,2.9,TBD,"NA, Growth",NA
LTER5,BR,T02,Por,1.43,47,30,2024,4,3.1,4.3,TBD,"NA, Growth",NA
LTER5,BR,T02,Por,1.8,89,40,2024,14.6,7.3,9,TBD,"NA, Growth",NA
LTER5,BR,T02,Por,1.89,33,12.8,2024,39.3,29.4,24.2,TBD,"NA, Growth",NA
LTER5,BR,T02,Por,2.03,64,22,2024,20.2,14.5,12.3,TBD,"NA, Fus1",NA
LTER5,BR,T02,Por,2.04,74,28,2024,3.1,2.5,5,TBD,"NA, Growth",NA
LTER5,BR,T02,Por,2.09,55,21,2024,NA,NA,NA,TBD,"NA, Fus1",NA
LTER5,BR,T02,Por,2.25,25,70,2024,12.1,5.3,11.4,TBD,"NA, Growth",NA
LTER5,BR,T02,Por,2.3,90,32,2024,8,7.3,7.9,TBD,"NA, Growth",NA
LTER5,BR,T02,Por,2.8,100,30,2024,5.9,3.4,6.5,TBD,"NA, Growth",NA
LTER5,BR,T02,Por,3.4,51,25,2024,105.3,71.7,76.5,TBD,"NA, Growth",NA
LTER5,BR,T02,Poc,3.35,95,60,2024,23.2,20.5,16.4,TBD,"NA, Growth",NA
LTER5,BR,T02,Poc,3.9,90,40,2024,32.4,19,20.7,TBD,"NA, Growth",NA
LTER5,BR,T02,Por,4.24,92,41,2024,43,21.1,26.3,TBD,"NA, Growth",NA
LTER5,BR,T02,Por,4.27,44,30,2024,96.5,50.5,54.2,TBD,"NA, Growth",NA
LTER5,BR,T02,Por,4.3,72,25,2024,7,4.5,3.2,TBD,"NA, Growth",NA
LTER5,BR,T02,Por,4.34,92,35,2024,7,3.3,4.7,TBD,"NA, Growth",NA
LTER5,BR,T02,Por,4.8,100,40,2024,16.7,8.7,11.3,TBD,"NA, Growth",NA
LTER5,BR,T02,Por,4.9,6,5,2024,1.5,1.6,1.6,TBD,"NA, Migration (loose)",NA
LTER5,BR,T02,Por,4.95,0,1,2024,1.4,0.9,0.8,TBD,"NA, Recruitment",NA
LTER5,BR,T03,Poc,0.38,3,59,2024,42.5,24,17,TBD,"NA, Growth",NA
LTER5,BR,T03,Poc,0.52,57,75,2024,44.5,39,32.5,TBD,"NA, Growth",NA
LTER5,BR,T03,Poc,1.1,78,50,2024,3.2,2.8,2.5,TBD,"NA, Growth",NA
LTER5,BR,T03,Por,1.13,91,27,2024,250,75,36,TBD,"NA, Growth",NA
LTER5,BR,T03,Por,1.3,27,20,2024,NA,NA,NA,TBD,"NA, Dead",NA
LTER5,BR,T03,Poc,1.59,40,30,2024,20.5,19,19,TBD,"NA, Growth",NA
LTER5,BR,T03,Poc,1.79,50,20,2024,5,4,8,TBD,"NA, Growth",NA
LTER5,BR,T03,Por,1.97,5,0,2024,NA,NA,NA,TBD,"NA, Dead",NA
LTER5,BR,T03,Por,1.97,25,10,2024,NA,NA,NA,TBD,"Montipora, Dead",NA
LTER5,BR,T03,Por,2,30,0,2024,NA,NA,NA,TBD,"NA, Fus1",NA
LTER5,BR,T03,Por,2.78,3,30,2024,NA,NA,NA,TBD,"NA, Dead",NA
LTER5,BR,T03,Por,3.2,27,60,2024,20,15.5,15.5,TBD,"NA, Growth",NA
LTER5,BR,T03,Acr,3.3,0,20,2024,79,52,28.5,TBD,"NA, Growth",NA
LTER5,BR,T03,Por,3.65,11,52,2024,4.3,4.3,1.5,TBD,"NA, Fis1",NA
LTER5,BR,T03,Por,3.68,66,52,2024,NA,NA,NA,TBD,"NA, Dead",NA
LTER5,BR,T03,Por,3.7,30,30,2024,4.9,4.5,6,TBD,"NA, Growth",NA
LTER5,BR,T03,Poc,3.78,42,30,2024,15,9,10,TBD,"NA, Growth",NA
LTER5,BR,T03,Por,3.8,20,65,2024,NA,NA,NA,TBD,"NA, Dead",NA
LTER5,BR,T03,Poc,3.95,27,40,2024,NA,NA,NA,TBD,"NA, Dead",NA
LTER5,BR,T03,Poc,3.95,45,56,2024,26,15.5,19,TBD,"NA, Growth",NA
LTER5,BR,T03,Por,3.95,55,10,2024,6.2,9,3,TBD,"NA, Growth",NA
LTER5,BR,T03,Por,4.02,50,50,2024,7,6.8,9.6,TBD,"NA, Growth",NA
LTER5,BR,T03,Poc,4.03,42,50,2024,4,3,2.8,TBD,"NA, Growth",NA
LTER5,BR,T03,Poc,4.12,18,70,2024,NA,NA,NA,TBD,"NA, Dead",NA
LTER5,BR,T03,Acr,4.3,40,5,2024,24,12.8,8,TBD,"NA, Growth",NA
LTER5,BR,T03,Por,4.18,35,60,2024,18,7,7,TBD,"NA, Growth",NA
LTER5,BR,T03,Por,4.35,45,10,2024,11,11,14.2,TBD,"NA, Growth",NA
LTER5,BR,T03,Por,4.5,30,0,2024,6.5,8.5,12,TBD,"NA, Growth",NA
LTER5,BR,T03,Por,5,80,30,2024,145,82.1,49,TBD,"NA, Fus1",NA
LTER5,BR,T03,Poc,1,50,30,2024,32.1,40,57.5,TBD,"NA, Missing data",NA
LTER5,BR,T03,Por,3.65,38,52,2024,19.5,16.5,15.4,TBD,"NA, Fis1",NA
LTER5,BR,T03,Poc,4.9,70,30,2024,26,18,11.5,TBD,"NA, Missing data",NA
LTER5,BR,T04,Por,0.02,73,50,2024,NA,NA,NA,TBD,"NA, Fused with TO3",NA
LTER5,BR,T04,Por,0.1,90,20,2024,21,19,14,TBD,"NA, Growth",NA
LTER5,BR,T04,Poc,0.15,70,50,2024,NA,NA,NA,TBD,"Monitpora, Dead",NA
LTER5,BR,T04,Poc,0.2,25,50,2024,NA,NA,NA,TBD,"Monitpora, Dead",NA
LTER5,BR,T04,Por,0.2,71,30,2024,3.7,2.7,2,TBD,"NA, Growth",NA
LTER5,BR,T04,Por,0.24,84,20,2024,14,10,10,TBD,"NA, Growth",NA
LTER5,BR,T04,Acr,0.25,20,30,2024,40,3,8.5,TBD,"NA, Growth",NA
LTER5,BR,T04,Por,0.25,80,20,2024,NA,NA,NA,TBD,"NA, Fused with TO3",NA
LTER5,BR,T04,Por,0.33,85,40,2024,NA,NA,NA,TBD,"NA, Fused with TO3",NA
LTER5,BR,T04,Poc,0.77,33,20,2024,12,10,6,TBD,"NA, Growth",NA
LTER5,BR,T04,Por,0.69,90,0,2024,37,19,29,TBD,"NA, Growth",NA
LTER5,BR,T04,Por,1,1,10,2024,12.5,10,11,TBD,"NA, Growth",NA
LTER5,BR,T04,Por,1.16,1,14,2024,71,60,78,TBD,"NA, Fus1",NA
LTER5,BR,T04,Poc,1.18,100,0,2024,38.5,36,28.5,TBD,"NA, Growth",NA
LTER5,BR,T04,Por,1.19,5,20,2024,NA,NA,NA,TBD,"NA, Fus1",NA
LTER5,BR,T04,Acr,1.79,80,0,2024,7.5,5,4.6,TBD,"NA, Growth",NA
LTER5,BR,T04,Poc,1.8,8,50,2024,29,17,21,TBD,"NA, Growth",NA
LTER5,BR,T04,Poc,2.05,80,65,2024,NA,NA,NA,TBD,"NA, Dead",NA
LTER5,BR,T04,Por,2.27,46,11,2024,31.5,20.5,32,TBD,"NA, Growth",NA
LTER5,BR,T04,Poc,2.7,5,80,2024,25.5,22,20,TBD,"NA, Growth",NA
LTER5,BR,T04,Por,2.9,60,20,2024,27,23.5,20.5,TBD,"NA, Growth",NA
LTER5,BR,T04,Poc,3.1,50,60,2024,36,28,38,TBD,"NA, Growth",NA
LTER5,BR,T04,Poc,3.45,90,120,2024,11,11,10,TBD,"NA, Growth",NA
LTER5,BR,T04,Por,3.92,83,160,2024,10.7,8,7,TBD,"NA, Growth",NA
LTER5,BR,T04,Poc,4.1,10,120,2024,55,36,37,TBD,"NA, Growth",NA
LTER5,BR,T04,Poc,4.45,50,140,2024,22,17,19.5,TBD,"NA, Growth",NA
LTER5,BR,T04,Poc,4.5,50,80,2024,28,29,31,TBD,"NA, Growth",NA
LTER5,BR,T04,Poc,4.7,0,40,2024,30,35,27,TBD,"NA, Growth",NA
LTER5,BR,T04,Por,4.9,80,60,2024,47.6,28,25.7,TBD,"NA, Growth",NA
LTER5,BR,T04,Por,5,70,80,2024,17,18,18.5,TBD,"NA, Growth",NA
LTER5,BR,T04,Poc,2.9,70,50,2024,15,14,11,TBD,"NA, Missing data",NA
LTER5,OR,T01,Poc,0,5,0,2024,18.1,15.6,15.7,TBD,"NA, Growth",NA
LTER5,OR,T01,Poc,0,59,0,2024,18.8,15.6,15.7,TBD,"NA, Growth",NA
LTER5,OR,T01,Acr,0.2,8,0,2024,NA,NA,NA,TBD,"NA, Dead",NA
LTER5,OR,T01,Acr,0.25,21,0,2024,NA,NA,NA,TBD,"NA, Dead",NA
LTER5,OR,T01,Poc,0.28,65,0,2024,NA,NA,NA,TBD,"NA, Dead",NA
LTER5,OR,T01,Por,0.29,36,0,2024,NA,NA,NA,TBD,"NA, Dead",NA
LTER5,OR,T01,Por,0.3,0,0,2024,NA,NA,NA,TBD,"NA, Dead",NA
LTER5,OR,T01,Por,0.73,24,4,2024,NA,NA,NA,TBD,"NA, Dead",NA
LTER5,OR,T01,Por,0.73,30,0,2024,NA,NA,NA,TBD,"NA, Dead",NA
LTER5,OR,T01,Acr,0.8,0,0,2024,NA,NA,NA,TBD,"NA, Dead",NA
LTER5,OR,T01,Por,0.82,36,0,2024,NA,NA,NA,TBD,"NA, Dead",NA
LTER5,OR,T01,Por,0.9,21,0,2024,7.6,8.5,3.5,TBD,"NA, Growth",NA
LTER5,OR,T01,Acr,1,25,0,2024,NA,NA,NA,TBD,"NA, Dead",NA
LTER5,OR,T01,Por,1.25,50,0,2024,22,15,16,TBD,"NA, Growth",NA
LTER5,OR,T01,Acr,1.45,53,0,2024,NA,NA,NA,TBD,"NA, Dead",NA
LTER5,OR,T01,Acr,1.65,32,0,2024,NA,NA,NA,TBD,"NA, Dead",NA
LTER5,OR,T01,Poc,2.08,75,0,2024,NA,NA,NA,TBD,"NA, Dead",NA
LTER5,OR,T01,Por,2.1,15,10,2024,24.5,18,15,TBD,"NA, Growth",NA
LTER5,OR,T01,Poc,2.35,75,0,2024,NA,NA,NA,TBD,"NA, Dead",NA
LTER5,OR,T01,Acr,2.49,75,0,2024,NA,NA,NA,TBD,"NA, Dead",NA
LTER5,OR,T01,Acr,2.6,93,0,2024,NA,NA,NA,TBD,"NA, Dead",NA
LTER5,OR,T01,Acr,2.85,15,0,2024,NA,NA,NA,TBD,"NA, Dead",NA
LTER5,OR,T01,Acr,3.03,40,0,2024,NA,NA,NA,TBD,"NA, Dead",NA
LTER5,OR,T01,Por,3.5,50,0,2024,16,14,9,TBD,"NA, Growth",NA
LTER5,OR,T01,Acr,3.49,82,6,2024,6.5,6.5,6,TBD,"NA, Growth",NA
LTER5,OR,T01,Por,3.5,71,6,2024,24,13,10,TBD,"NA, Growth",NA
LTER5,OR,T01,Acr,3.53,90,7,2024,NA,NA,NA,TBD,"NA, Dead",NA
LTER5,OR,T01,Poc,3.68,40,0,2024,NA,NA,NA,TBD,"NA, Dead",NA
LTER5,OR,T01,Por,4.3,70,10,2024,54,51,27.5,TBD,"NA, Growth",NA
LTER5,OR,T01,Acr,4.5,20,0,2024,NA,NA,NA,TBD,"NA, Dead",NA
LTER5,OR,T01,Poc,4.7,50,0,2024,NA,NA,NA,TBD,"NA, Dead",NA
LTER5,OR,T01,Poc,0.55,55,0,2024,1,1,1,TBD,"NA, Recruitment",NA
LTER5,OR,T01,Poc,0.55,56,0,2024,1,1,1,TBD,"NA, Recruitment",NA
LTER5,OR,T01,Poc,0.55,57,0,2024,1,1,1,TBD,"NA, Recruitment",NA
LTER5,OR,T01,Poc,0.4,85,0,2024,1,1,1,TBD,"NA, Recruitment",NA
LTER5,OR,T01,Poc,0.4,100,0,2024,1,1,1,TBD,"NA, Recruitment",NA
LTER5,OR,T01,Poc,0.25,25,0,2024,1,1,1,TBD,"NA, Recruitment",NA
LTER5,OR,T01,Poc,0.1,100,0,2024,1,1,1,TBD,"NA, Recruitment",NA
LTER5,OR,T02,Poc,0.05,37,0,2024,5.5,5.5,4,TBD,"NA, Growth",NA
LTER5,OR,T02,Poc,0.15,75,0,2024,NA,NA,NA,TBD,"NA, Dead",NA
LTER5,OR,T02,Acr,0.24,95,0,2024,NA,NA,NA,TBD,"NA, Dead",NA
LTER5,OR,T02,Acr,0.26,95,0,2024,NA,NA,NA,TBD,"NA, Dead",NA
LTER5,OR,T02,Poc,0.3,75,0,2024,NA,NA,NA,TBD,"NA, Dead",NA
LTER5,OR,T02,Poc,0.58,33,5,2024,NA,NA,NA,TBD,"NA, Dead",NA
LTER5,OR,T02,Poc,0.6,45,0,2024,NA,NA,NA,TBD,"NA, Dead",NA
LTER5,OR,T02,Por,1,55,0,2024,41.2,30,19,TBD,"NA, Growth",NA
LTER5,OR,T02,Acr,1.1,84,0,2024,11.5,8.5,8,TBD,"NA, Growth",NA
LTER5,OR,T02,Acr,1.25,35,0,2024,NA,NA,NA,TBD,"NA, Dead",NA
LTER5,OR,T02,Acr,1.55,19,0,2024,NA,NA,NA,TBD,"NA, Dead",NA
LTER5,OR,T02,Poc,1.71,35,0,2024,NA,NA,NA,TBD,"NA, Dead",NA
LTER5,OR,T02,Acr,1.8,17,0,2024,NA,NA,NA,TBD,"NA, Dead",NA
LTER5,OR,T02,Acr,1.8,80,10,2024,NA,NA,NA,TBD,"NA, Dead",NA
LTER5,OR,T02,Poc,1.95,45,0,2024,NA,NA,NA,TBD,"NA, Dead",NA
LTER5,OR,T02,Acr,2.01,19,0,2024,NA,NA,NA,TBD,"NA, Dead",NA
LTER5,OR,T02,Acr,2.1,90,0,2024,NA,NA,NA,TBD,"NA, Dead",NA
LTER5,OR,T02,Acr,2.4,24,0,2024,NA,NA,NA,TBD,"NA, Dead",NA
LTER5,OR,T02,Acr,2.71,50,0,2024,NA,NA,NA,TBD,"NA, Dead",NA
LTER5,OR,T02,Acr,2.71,52,0,2024,NA,NA,NA,TBD,"NA, Dead",NA
LTER5,OR,T02,Acr,3.45,45,0,2024,NA,NA,NA,TBD,"NA, Dead",NA
LTER5,OR,T02,Acr,3.75,70,0,2024,11.7,10,9,TBD,"NA, Growth",NA
LTER5,OR,T02,Acr,4.9,50,0,2024,NA,NA,NA,TBD,"NA, Dead",NA
LTER5,OR,T02,Poc,0.6,50,0,2024,1,1,1,TBD,"NA, Recruitment",NA
LTER5,OR,T02,Poc,0.7,70,0,2024,1,1,1,TBD,"NA, Recruitment",NA
LTER5,OR,T02,Poc,0.71,90,0,2024,1,1,1,TBD,"NA, Recruitment",NA
LTER5,OR,T02,Poc,0.9,10,0,2024,1,1,1,TBD,"NA, Recruitment",NA
LTER5,OR,T03,Poc,0.05,48,1,2024,NA,NA,NA,TBD,"NA, Dead",NA
LTER5,OR,T03,Poc,0.06,54,1,2024,3.5,2.4,2.5,TBD,"NA, Growth",NA
LTER5,OR,T03,Acr,0.1,23,0,2024,NA,NA,NA,TBD,"NA, Dead",NA
LTER5,OR,T03,Acr,0.1,24,0,2024,NA,NA,NA,TBD,"NA, Dead",NA
LTER5,OR,T03,Acr,0.12,22,3,2024,NA,NA,NA,TBD,"NA, Dead",NA
LTER5,OR,T03,Acr,0.12,56,3,2024,NA,NA,NA,TBD,"NA, Dead",NA
LTER5,OR,T03,Poc,0.23,70,4,2024,1.5,0.9,1.3,TBD,"NA, Growth",NA
LTER5,OR,T03,Acr,0.23,92,6,2024,NA,NA,NA,TBD,"NA, Dead",NA
LTER5,OR,T03,Poc,0.24,71,4,2024,1.7,1.7,1.7,TBD,"NA, Growth",NA
LTER5,OR,T03,Poc,0.25,100,6,2024,NA,NA,NA,TBD,"NA, Dead",NA
LTER5,OR,T03,Poc,0.27,67,8,2024,2.8,2.6,2.5,TBD,"NA, Growth",NA
LTER5,OR,T03,Poc,0.27,68,7,2024,NA,NA,NA,TBD,"NA, Dead",NA
LTER5,OR,T03,Poc,0.28,73,4,2024,NA,NA,NA,TBD,"NA, Dead",NA
LTER5,OR,T03,Poc,0.32,64,7,2024,2.6,2.2,1.5,TBD,"NA, Growth",NA
LTER5,OR,T03,Poc,0.36,66,4,2024,NA,NA,NA,TBD,"NA, Dead",NA
LTER5,OR,T03,Poc,0.4,31,2,2024,2.9,1.5,1.7,TBD,"NA, Growth",NA
LTER5,OR,T03,Acr,0.4,60,0,2024,2,1.8,3.7,TBD,"NA, Growth",NA
LTER5,OR,T03,Poc,0.51,64,7,2024,NA,NA,NA,TBD,"NA, Dead",NA
LTER5,OR,T03,Poc,0.52,64,7,2024,0.4,0.3,0.3,TBD,"NA, Growth",NA
LTER5,OR,T03,Por,0.73,92,15,2024,14.8,10.4,5.9,TBD,"NA, Growth",NA
LTER5,OR,T03,Poc,0.54,61,7,2024,NA,NA,NA,TBD,"NA, Dead",NA
LTER5,OR,T03,Poc,0.8,79,35,2024,NA,NA,NA,TBD,"NA, Dead",NA
LTER5,OR,T03,Poc,0.88,57,6,2024,20.9,19.6,11,TBD,"NA, Growth",NA
LTER5,OR,T03,Poc,0.93,48,3,2024,Dead,NA,NA,TBD,"NA, NA",NA
LTER5,OR,T03,Por,1,27,4,2024,7.6,6.8,7.6,TBD,"NA, Growth",NA
LTER5,OR,T03,Por,2.75,24,0,2024,13.7,10.5,8,TBD,"NA, Growth",NA
LTER5,OR,T03,Acr,3.28,50,4,2024,NA,NA,NA,TBD,"NA, Dead",NA
LTER5,OR,T03,Por,3.4,54,0,2024,8.1,8.3,3.6,TBD,"NA, Growth",NA
LTER5,OR,T03,Mil,3.4,88,5,2024,22.1,19,15,TBD,"NA, Growth",NA
LTER5,OR,T03,Acr,4.3,6,6,2024,NA,NA,NA,TBD,"NA, Dead",NA
LTER5,OR,T03,Acr,4.44,0,5,2024,NA,NA,NA,TBD,"NA, Dead",NA
LTER5,OR,T03,Acr,4.72,42,1,2024,NA,NA,NA,TBD,"NA, Dead",NA
LTER5,OR,T03,Por,4.75,60,0,2024,NA,NA,NA,TBD,"NA, Dead",NA
LTER5,OR,T03,Acr,4.85,77,3,2024,NA,NA,NA,TBD,"NA, Dead",NA
NA,NA,NA,Poc,0.15,72,5,2024,3.1,2.3,3.4,TBD,"NA, Recruitment",NA
NA,NA,NA,Poc,0.2,98,4,2024,1.7,1.7,1.7,TBD,"NA, Recruitment",NA
NA,NA,NA,Por,1.1,69,5,2024,2.1,1.5,1,TBD,"NA, Recruitment",NA
NA,NA,NA,Poc,0.15,53,1,2024,2.1,2,1.3,TBD,"NA, Recruitment",NA
NA,NA,NA,Poc,0.38,33,2,2024,2.2999999999999998,1.5,1.7,TBD,"NA, Recruitment",NA
NA,NA,NA,Poc,0.52,50,3,2024,1.4,0.7,1.1,TBD,"NA, Recruitment",NA
NA,NA,NA,Poc,0.4,25,4,2024,0.6,0.5,0.5,TBD,"NA, Recruitment",NA
NA,NA,NA,Por,0.2,74,3,2024,1,1.2,0.7,TBD,"NA, Recruitment",NA
NA,NA,NA,Poc,0.48,66,7,2024,1.3,0.9,1.2,TBD,"NA, Recruitment",NA
NA,NA,NA,Poc,0.48,92,10,2024,1,0.7,0.5,TBD,"NA, Recruitment",NA
NA,NA,NA,Por,0.5,99,20,2024,6.3,4.3,2.2,TBD,"NA, Missing data",NA
NA,NA,NA,Poc,0.42,97,10,2024,1.5,1.2,0.9,TBD,"NA, Recruitment",NA
NA,NA,NA,Poc,0.5,92,10,2024,0.9,0.7,0.9,TBD,"NA, Recruitment",NA
NA,NA,NA,Poc,1,93,15,2024,0.8,0.7,1.3,TBD,"NA, Recruitment",NA
LTER5,OR,T04,Por,0.13,46,2,2024,NA,NA,NA,TBD,"NA, Transect gone",NA
LTER5,OR,T04,Poc,0.2,14,1,2024,NA,NA,NA,TBD,"NA, Transect gone",NA
LTER5,OR,T04,Poc,0.21,45,3,2024,NA,NA,NA,TBD,"NA, Transect gone",NA
LTER5,OR,T04,Por,0.25,50,2,2024,NA,NA,NA,TBD,"NA, Transect gone",NA
LTER5,OR,T04,Poc,0.33,44,3,2024,NA,NA,NA,TBD,"NA, Transect gone",NA
LTER5,OR,T04,Poc,0.34,44,3,2024,NA,NA,NA,TBD,"NA, Transect gone",NA
LTER5,OR,T04,Poc,0.37,50,3,2024,NA,NA,NA,TBD,"NA, Transect gone",NA
LTER5,OR,T04,Poc,0.4,27,4,2024,NA,NA,NA,TBD,"NA, Transect gone",NA
LTER5,OR,T04,Por,0.5,77,0,2024,NA,NA,NA,TBD,"NA, Transect gone",NA
LTER5,OR,T04,Poc,0.6,31,3,2024,NA,NA,NA,TBD,"NA, Transect gone",NA
LTER5,OR,T04,Poc,0.7,41,3,2024,NA,NA,NA,TBD,"NA, Transect gone",NA
LTER5,OR,T04,Poc,0.75,49,2,2024,NA,NA,NA,TBD,"NA, Transect gone",NA
LTER5,OR,T04,Por,0.75,89,1,2024,NA,NA,NA,TBD,"NA, Transect gone",NA
LTER5,OR,T04,Por,1.3,90,10,2024,NA,NA,NA,TBD,"NA, Transect gone",NA
LTER5,OR,T04,Acr,1.87,22,14,2024,NA,NA,NA,TBD,"NA, Transect gone",NA
LTER5,OR,T04,Por,2,8,10,2024,NA,NA,NA,TBD,"NA, Transect gone",NA
LTER5,OR,T04,Acr,3,30,5,2024,NA,NA,NA,TBD,"NA, Transect gone",NA
LTER5,OR,T04,Acr,3.05,90,3,2024,NA,NA,NA,TBD,"NA, Transect gone",NA
LTER5,OR,T04,Acr,3.1,92,4,2024,NA,NA,NA,TBD,"NA, Transect gone",NA
LTER5,OR,T04,Por,3.2,8,2,2024,NA,NA,NA,TBD,"NA, Transect gone",NA
LTER5,OR,T04,Acr,3.25,63,3,2024,NA,NA,NA,TBD,"NA, Transect gone",NA
LTER5,OR,T04,Acr,3.41,52,4,2024,NA,NA,NA,TBD,"NA, Transect gone",NA
LTER5,OR,T04,Mil,3.75,94,3,2024,NA,NA,NA,TBD,"NA, Transect gone",NA
LTER5,OR,T04,Por,0.17,47,7,2024,10.5,11.2,5.8,TBD,"NA, Missing data",NA
LTER5,OR,T04,Poc,0.18,51,5,2024,1,0.7,0.9,TBD,"NA, Recruitment",NA
LTER5,OR,T04,Por,0.17,40,6,2024,2.3,1.3,1,TBD,"NA, Recruitment",NA
LTER5,OR,T04,Poc,0.2,96,5,2024,1.7,1.5,1.8,TBD,"NA, Recruitment",NA
LTER5,OR,T04,Poc,0.53,57,3,2024,1.6,1.3,1.5,TBD,"NA, Recruitment",NA
LTER5,OR,T04,Por,0.48,80,2,2024,7.5,5.3,2,TBD,"NA, Missing data",NA
LTER5,OR,T04,Poc,0.6,68,3,2024,1.2,0.8,0.5,TBD,"NA, Recruitment",NA
LTER5,OR,T04,Poc,0.7,82,3,2024,2.5,1.5,2.4,TBD,"NA, Recruitment",NA
LTER5,OR,T04,Poc,0.67,79,3,2024,0.7,0.6,0.9,TBD,"NA, Recruitment",NA
LTER5,OR,T04,Por,0.83,37,2,2024,1.9,1.4,1.2,TBD,"NA, Recruitment",NA
LTER5,OR,T04,Poc,0.65,40,8,2024,1.5,1.3,0.7,TBD,"NA, Recruitment",NA
LTER5,OR,T04,Mil,3.7,95,15,2024,16,12.7,9.2,TBD,"NA, Missing data",NA
LTER5,OR,T04,A,3.88,21,8,2024,1.8,1.3,0.7,TBD,"NA, Recruitment",NA
